CustomerAge,AccountBalance,TransactionAmount_capped,LoginAttempts,TransactionDuration,Target
0.8387096774193548,0.33683185966818,0.0,0.0,0.24482758620689654,1
0.8064516129032258,0.9180546275595326,0.4177680606380449,0.0,0.45172413793103444,1
0.016129032258064557,0.06863734931174438,0.1278583565790771,0.0,0.1586206896551724,3
0.12903225806451613,0.569197956003802,0.19537443528790893,0.0,0.05172413793103449,3
0.43029748107928134,0.4925911187531677,0.0,0.0,0.6482758620689656,1
0.0,0.045737843102722775,0.08826036779502763,0.0,0.5586206896551724,3
0.30645161290322587,0.8883303734554748,0.0,0.0,0.44482758620689655,1
0.7903225806451613,0.18115460779713835,0.18020332534955605,0.0,0.9689655172413792,1
0.532258064516129,0.6045605421617909,0.10459134852377446,0.0,0.26206896551724135,1
0.5967741935483871,0.06188385358620237,0.9277864445900728,0.0,0.3793103448275862,0
0.5483870967741935,0.5040264197666963,0.002000777113429563,0.0,0.16896551724137931,1
0.04838709677419356,0.09595919536134934,0.20177692205088354,0.0,0.5620689655172414,3
0.09677419354838712,0.10209024288923516,0.5549575777258413,0.0,0.3482758620689655,3
0.12903225806451613,0.005944850820811549,0.8881188635585995,0.0,0.3896551724137931,0
0.0,0.013355076448200345,0.17506509774811085,0.0,0.4275862068965517,3
0.29032258064516125,0.22614430312017286,0.5212401338490891,0.0,0.4103448275862069,0
0.016129032258064557,0.06923627084966197,0.6260344597611824,0.0,0.5103448275862069,3
0.33870967741935487,0.3366812890458528,0.5531133831691148,0.0,0.7724137931034483,0
0.6612903225806451,0.5274757776233234,0.003044660824784117,0.0,0.3310344827586207,1
0.0,0.4347283074114356,0.06428583855758468,0.0,0.5482758620689655,3
0.8548387096774193,0.3797633083592239,0.050181809746394246,0.0,0.09655172413793102,1
0.32258064516129037,0.607992073532239,0.08086039215231422,0.0,0.2862068965517241,1
0.33870967741935487,0.5964801428269905,0.04192352971878933,0.0,0.3793103448275862,1
0.06451612903225812,0.0874687599568185,0.3825079886100688,0.5,0.4551724137931034,3
0.04838709677419356,0.12299132740103008,0.1501858692941606,0.0,0.296551724137931,3
0.7580645161290323,0.23751305729615496,0.0,0.0,0.9172413793103449,1
0.08064516129032262,0.03845600581847905,0.2677851687322032,1.0,0.5103448275862069,2
0.30645161290322587,0.1737793360642184,0.0281442647289092,0.0,0.29310344827586204,3
0.4193548387096775,0.11231022387969408,0.12920380669593406,0.0,0.6448275862068966,3
0.14516129032258068,0.08405336115304833,0.04652821675665331,0.0,0.9413793103448276,3
0.6612903225806451,0.5534290442664186,0.014214216536277857,0.0,0.034482758620689655,1
0.1774193548387097,0.6535296039320443,0.04994983558831545,0.0,0.8517241379310345,1
0.5,0.6445565359077325,0.44120904931190663,0.5,0.5448275862068966,2
0.06451612903225812,0.020014465534787865,0.9995244529759384,0.0,0.4827586206896552,0
0.435483870967742,0.9891024512090688,0.2774468924161848,0.0,0.13793103448275862,1
0.5,0.3806929475140387,0.12608375426977433,0.0,0.1206896551724138,1
0.12903225806451613,0.05373220208190774,0.07199897931370444,0.0,0.46551724137931033,3
0.9193548387096775,0.3209446424418253,0.734459181247209,0.030405405405405428,0.4379310344827586,0
0.7741935483870968,0.5252246123814761,0.9038351127684374,0.25,0.27586206896551724,0
0.5967741935483871,0.061716478206919,0.3706657078401466,0.0,0.7103448275862069,1
0.7258064516129032,0.28382629527705666,0.3623610329809259,0.0,0.3758620689655172,1
0.32258064516129037,0.9486776000656059,0.020837078749427314,0.0,0.031034482758620682,1
0.6290322580645161,0.8910399724670863,0.26139428067713255,0.0,0.36551724137931035,1
0.016129032258064557,0.009446962170475522,0.04554232658481845,0.0,0.36896551724137927,3
0.14516129032258068,0.05158119319151912,0.33433855468500806,0.0,0.07931034482758621,3
0.903225806451613,0.3073274117851088,0.4862352333949998,0.0,0.27586206896551724,1
0.12903225806451613,0.09464573555765579,0.172165420772126,0.0,0.22413793103448276,3
0.016129032258064557,0.04573918748327928,0.5731907465508341,0.0,0.3275862068965517,3
0.12903225806451613,0.011041397510476086,0.7085012729581923,0.0,0.4413793103448276,0
0.3709677419354839,0.08293752529115922,0.006907030556795972,0.0,0.5689655172413793,3
0.8225806451612903,0.2558551134186656,0.4747177164463878,0.0,0.38275862068965516,1
0.532258064516129,0.34164743082153753,0.47381301722988056,0.0,0.8758620689655173,1
0.7903225806451613,0.9950869612562968,0.08046603608358029,0.0,0.46551724137931033,1
0.16129032258064518,0.05496029372026398,0.17797637343199968,0.0,0.4551724137931034,3
0.7096774193548387,0.29418609184539085,0.10273555525914412,0.0,0.27586206896551724,1
0.11290322580645162,0.08219408284341866,0.3489993214755876,0.0,0.2517241379310345,3
0.6290322580645161,0.23080863146092492,0.05159685211067487,0.0,0.14482758620689656,1
0.8064516129032258,0.3049807955237505,0.3207100728978792,0.0,0.17586206896551726,1
0.4838709677419355,0.3716782036924756,0.4296915323632947,0.0,0.06206896551724138,1
0.08064516129032262,0.055727935018021424,0.11136499393967511,0.0,0.1413793103448276,3
0.4516129032258065,0.3628926767557946,0.6407880162149937,0.0,0.489655172413793,0
0.9838709677419355,0.2738348589812016,0.287572564416324,0.25,0.7482758620689656,1
0.4838709677419355,0.4403095032917158,0.3869154976135658,0.0,0.7448275862068966,1
0.6129032258064516,0.5617521042916662,0.6789245678031466,0.0,0.32413793103448274,0
0.5161290322580645,0.9334619009272195,0.0,0.0,0.393103448275862,1
0.3870967741935484,0.16695996569140822,0.21489506069023911,0.0,0.6068965517241379,3
0.6129032258064516,0.1958426375671014,0.32750691572958773,0.0,0.7413793103448276,1
0.11290322580645162,0.12436662871032231,0.5857405485028966,0.0,0.4068965517241379,3
0.6774193548387097,0.2396035690615014,0.1174079207576276,0.0,0.020689655172413793,1
0.22580645161290325,0.05886773580771057,0.20073303833952896,0.0,0.32068965517241377,3
0.4193548387096775,0.25173727577412797,0.13627901851733717,0.0,0.7241379310344828,1
0.27419354838709675,0.4217032763898542,0.14748337035254272,0.0,0.43103448275862066,3
0.7096774193548387,0.38750156284239695,0.010108273938283275,0.0,0.15517241379310343,1
0.12903225806451613,0.4326465341197063,0.2526952497491779,0.0,0.9310344827586207,3
0.03225806451612906,0.03392544334309802,1.0,0.0,0.04827586206896552,0
0.30645161290322587,0.44288063110600845,0.25060748232646884,0.0,0.1413793103448276,1
0.06451612903225812,0.035822364308309484,0.31035863950833137,0.0,0.35517241379310344,3
0.4193548387096775,0.979703886738627,0.08754124790498338,0.0,0.20344827586206898,1
0.016129032258064557,0.08477260475077203,0.12089913183671339,0.0,0.23103448275862065,3
0.5161290322580645,0.7008988528400713,0.18348575968637093,0.0,0.19655172413793104,1
0.32258064516129037,0.030333930686427268,0.1944581373634977,0.0,0.3172413793103448,3
0.6451612903225806,0.42688855219624733,0.3819860467543915,0.0,0.24137931034482757,1
0.7258064516129032,0.3101882536093257,1.0,0.0,0.2655172413793103,0
0.5,0.475615625466332,0.28284029159151675,0.0,0.5517241379310345,1
0.25806451612903225,0.0956170505097219,0.16082188444207315,0.0,0.506896551724138,3
0.5806451612903226,0.5749263615550182,1.0,0.0,0.06896551724137931,0
0.7419354838709677,0.6566411727300472,0.009864701072300544,0.0,0.20344827586206898,1
0.4838709677419355,0.7028125785622389,0.6402660743593165,0.0,0.3620689655172414,0
0.6451612903225806,0.8592379782129688,0.0,0.0,0.5827586206896552,1
0.09677419354838712,0.046408016810134484,0.43716110025343174,0.0,0.3103448275862069,3
0.6774193548387097,0.266373546892666,0.8129244402173597,0.0,0.08275862068965517,0
0.5645161290322581,0.1901397752464586,0.24101535088991083,0.75,0.15517241379310343,2
0.04838709677419356,0.03473879357977622,0.24891407097249363,0.0,0.43103448275862066,3
0.016129032258064557,0.0856740119139005,0.4941803483091984,0.030405405405405428,0.8620689655172414,3
0.1774193548387097,0.0700603761307921,0.728532241508296,0.0,0.21379310344827585,0
0.532258064516129,0.5113458997065218,0.5713813481178196,0.0,0.40344827586206894,0
0.14516129032258068,0.1190926237872007,0.9772781312161825,0.0,0.603448275862069,0
0.6290322580645161,0.0067077867866212615,0.010792597704615704,0.0,0.23448275862068962,1
0.8548387096774193,0.13541609250413736,0.15259840053818005,0.0,0.4241379310344827,1
0.30645161290322587,0.5069934676548761,0.11478661277133725,0.0,0.5689655172413793,1
0.19354838709677424,0.5915731537957913,0.4260379393735538,0.0,0.04827586206896552,0
0.03225806451612906,0.6239391156933577,0.09567194214564498,0.0,0.5413793103448277,3
0.5967741935483871,0.07260058319228542,0.07792591905261753,0.0,0.5310344827586208,1
0.14516129032258068,0.6263206858491849,0.20889852870390238,0.0,0.4689655172413793,3
0.22580645161290325,0.5279160622555749,0.132091884964015,0.0,0.7758620689655172,1
0.4516129032258065,0.6262682550074815,0.3373426200321284,0.0,0.1413793103448276,1
0.6612903225806451,0.4062334893262906,0.11474021793972153,0.0,0.24137931034482757,1
0.14516129032258068,0.021469757487191415,0.8589249157643839,0.0,0.02413793103448276,0
0.06451612903225812,0.023296098473187005,0.5656747838290814,0.0,0.08620689655172413,3
0.7258064516129032,0.5296993830637627,0.14727459361027181,0.0,0.4724137931034483,1
0.5645161290322581,0.11619817244907152,1.0,0.0,0.21724137931034482,0
0.11290322580645162,0.05940884898169896,0.26617294833355565,0.0,0.5862068965517242,3
0.532258064516129,0.5880327276002674,0.2764146074127342,0.0,0.5655172413793104,1
0.967741935483871,0.23039120129813387,0.2293122546148359,0.0,0.9379310344827586,1
0.3548387096774194,0.025469961833036004,0.36165351179878563,0.0,0.32413793103448274,3
0.467741935483871,0.8095873155005735,0.0,0.0,0.33448275862068966,1
0.8064516129032258,0.903793438616256,0.32943230124164163,0.0,0.1275862068965517,1
0.4032258064516129,0.3755607747396271,0.04746771209687241,0.25,0.38620689655172413,1
0.12903225806451613,0.5542470998350445,0.45419960216431887,0.0,0.17931034482758618,3
0.33870967741935487,0.428843281525388,0.11572610811155637,0.0,0.5413793103448277,1
0.8225806451612903,0.10419487065042476,0.043512552701629036,0.0,0.38275862068965516,1
0.4516129032258065,0.7443626762314863,0.05484449032377793,0.0,0.5344827586206897,1
0.14516129032258068,0.0029744419812405137,0.35006640260275007,0.0,0.2793103448275862,3
0.3709677419354839,0.27367017236303115,0.36604942209437863,0.0,0.17586206896551726,3
0.6129032258064516,0.3668216289321451,0.0,0.0,0.10689655172413794,1
0.8387096774193548,0.7427890787901115,0.23021695383134316,0.0,0.8172413793103449,1
0.6290322580645161,0.08834395169909538,0.6759205024560264,0.0,0.5103448275862069,0
0.12903225806451613,0.0673796813011453,0.9571543730028473,0.0,0.24137931034482757,0
0.12903225806451613,0.013607147802542761,0.02562734511375432,0.0,0.3379310344827586,3
0.6451612903225806,0.3656930214549693,1.0,0.0,0.46206896551724136,0
0.24193548387096775,0.4173326952006959,0.12603735943815858,0.0,0.3275862068965517,3
0.967741935483871,0.3382703468636274,0.3321811950148753,0.0,0.10344827586206896,1
0.467741935483871,0.6213545440735,0.2226777936937825,0.0,0.906896551724138,1
0.08064516129032262,0.06834292996987244,0.0,0.0,0.8413793103448276,3
0.6129032258064516,0.7887547943971597,0.4236718029611501,0.0,0.22413793103448276,1
0.5161290322580645,0.9612267203701887,0.00012178643299136371,0.0,0.393103448275862,1
0.0,0.11073931519943216,0.5451682682549164,0.0,0.2,3
0.04838709677419356,0.06044402201019848,0.371547209640846,0.0,0.027586206896551724,3
0.8225806451612903,0.4509590138699742,1.0,0.0,0.37241379310344824,0
0.08064516129032262,0.01093855239790438,0.25344916576293397,0.0,0.3793103448275862,3
0.19354838709677424,0.35905110931561623,0.0,0.0,0.8137931034482759,3
1.0,0.13017636928520632,1.0,0.0,0.03793103448275863,0
0.0,0.016178947807113656,0.24483132579030692,0.0,0.9793103448275863,3
0.7741935483870968,0.06488921632024221,0.252486473006907,0.0,0.02413793103448276,1
0.8225806451612903,0.40174863578983033,0.31035863950833137,0.0,0.5379310344827587,1
0.03225806451612906,0.1047205234480135,0.034558350199787743,0.0,0.2827586206896551,3
0.9516129032258065,0.1304701164368,1.0,0.0,0.9862068965517242,0
0.3709677419354839,0.02155579784280696,0.31035863950833137,1.0,0.4551724137931034,2
0.7741935483870968,0.6730244663817477,0.4633045878689114,0.0,0.45172413793103444,1
0.5806451612903226,0.2920612983758539,0.2896255357153213,0.0,0.2827586206896551,1
1.0,0.4269429996087853,0.06187330731356527,0.0,0.35517241379310344,1
0.27419354838709675,0.1806141668134282,0.3675340567060829,0.0,0.9758620689655172,3
0.03225806451612906,0.033267369060694746,0.29210765920676435,0.0,0.5172413793103449,3
0.6935483870967742,0.8606327730403301,0.5567089826193361,0.0,0.8793103448275862,1
0.30645161290322587,0.6023597911908121,0.41779125805385275,0.0,0.810344827586207,1
0.29032258064516125,0.5988079377605579,0.07767074747873086,0.0,0.5551724137931034,1
0.03225806451612906,0.07064383729231002,0.08954782437236491,0.0,0.21379310344827585,3
0.8064516129032258,0.8111400750433229,0.9131836713390129,0.0,0.4103448275862069,0
0.08064516129032262,0.034322707797541666,0.022855253924712784,0.0,0.38620689655172413,3
0.7096774193548387,0.5760186707571687,0.01446938811016453,0.0,0.30689655172413793,1
0.5645161290322581,0.672029624769943,0.143215045843893,0.0,0.5758620689655173,1
0.24193548387096775,0.3499751961787327,0.33811973346169233,0.0,0.9482758620689655,3
0.6129032258064516,0.06359121689294833,0.0517244378976182,0.0,0.14827586206896554,1
0.8387096774193548,0.45844923014047434,0.06820620182911623,0.0,0.396551724137931,1
0.532258064516129,0.09237306022690457,0.31035863950833137,0.0,0.4379310344827586,1
0.25806451612903225,0.0007736910102616569,0.2503639094604861,0.0,0.5344827586206897,3
0.9193548387096775,0.374303106729028,0.12776556691584556,0.0,0.8896551724137931,1
0.5645161290322581,0.08124763893164767,0.568597658220874,0.25,0.5241379310344828,0
0.20967741935483875,0.26590839122011944,0.33438494951662384,0.0,0.0896551724137931,3
0.06451612903225812,0.09980210718208427,0.30828785673276,0.0,0.34137931034482755,3
0.20967741935483875,0.4520009088012562,0.8836185648918711,0.0,0.02413793103448276,0
0.6129032258064516,0.36400784042740547,0.1196116752593761,0.0,0.296551724137931,1
0.935483870967742,0.3523655048081771,0.18689577981012914,0.0,0.11379310344827585,1
0.06451612903225812,0.053896216509799866,0.2839653662581988,0.0,0.0896551724137931,3
0.09677419354838712,0.11460239272851447,0.17794157730828786,0.0,0.031034482758620682,3
0.12903225806451613,0.04614519041134012,0.0663156124407741,0.0,0.013793103448275862,3
0.1774193548387097,0.1565148009577367,1.0,0.0,0.3310344827586207,0
0.016129032258064557,0.04497759589802605,0.9006570668027583,0.0,0.5310344827586208,0
0.8548387096774193,0.0726987229729094,0.25633724403101493,0.0,0.12413793103448274,1
0.5806451612903226,0.04203205809875013,0.021011059367986404,0.0,0.15172413793103445,1
0.3709677419354839,0.9654702575967585,0.8399726270493466,0.0,0.3896551724137931,0
0.6451612903225806,0.8029346483167684,0.5074260727354973,0.0,0.2482758620689655,1
0.8870967741935485,0.5232591280078835,0.3298846508498953,0.0,0.3103448275862069,1
0.016129032258064557,0.1244291424061992,0.11004274123862601,0.0,0.6586206896551724,3
0.6612903225806451,0.4858100632262176,0.21531261417478093,0.0,0.996551724137931,1
0.6612903225806451,0.20899336817071484,0.44441029269339394,0.0,0.34137931034482755,1
0.967741935483871,0.3781036705622334,1.0,0.0,0.16206896551724137,0
0.7096774193548387,0.08485730072583109,0.7125144258929554,0.0,0.14482758620689656,0
0.6774193548387097,0.07667943380068484,0.0,0.0,0.810344827586207,1
0.32258064516129037,0.522428300823971,0.23179437810627895,0.0,0.7758620689655172,1
0.9838709677419355,0.3746163473986908,1.0,0.0,0.5344827586206897,0
0.5,0.6546319959883685,0.2439382252817036,0.0,0.45172413793103444,1
0.4032258064516129,0.6874476531820817,0.4973931903985896,0.0,0.3137931034482758,1
0.11290322580645162,0.012905381152053474,0.3068032221210557,0.0,0.04827586206896552,3
0.5483870967741935,0.49643806371557214,0.5480215503992856,0.0,0.4206896551724138,0
0.5161290322580645,0.7585075762566262,0.0,0.0,0.41724137931034483,1
0.8225806451612903,0.481526194582953,0.21264491135687483,0.0,0.5344827586206897,1
0.7096774193548387,0.17888529341777837,0.004993243752645954,0.0,0.22413793103448276,1
0.43029748107928134,0.44188310073309073,0.11318599108059363,0.0,0.07586206896551724,1
0.5645161290322581,0.4928324350630582,0.5533221599113858,0.0,0.7793103448275862,0
0.016129032258064557,0.06424458584340387,0.33793415413522937,0.0,0.013793103448275862,3
0.4032258064516129,0.39361042809110064,0.0,0.0,0.5206896551724138,1
0.6612903225806451,0.48131109369391417,0.3453689259016545,0.0,0.48620689655172417,1
0.7419354838709677,0.3254684830144239,0.04053168477031659,0.030405405405405428,0.33448275862068966,1
0.6774193548387097,0.5395153776969955,0.1448968584899642,0.0,0.3103448275862069,1
0.8064516129032258,0.11069427845078963,0.31546745692529854,0.0,0.18275862068965515,1
0.20967741935483875,0.6425446704049409,0.9099128357101018,0.0,0.3379310344827586,0
0.4516129032258065,0.4214807814077547,0.5445419380281036,0.0,0.4586206896551724,0
0.5806451612903226,0.6279077270961246,0.5858449368740322,0.0,0.703448275862069,0
0.7258064516129032,0.39376570404537553,0.35461309610109437,0.0,0.37732047954517367,1
0.7580645161290323,0.9027495271141394,0.3350576745750523,0.0,0.5103448275862069,1
0.3548387096774194,0.7662545692134165,0.4825352455736431,0.0,0.46551724137931033,1
0.6935483870967742,0.08658617412148092,0.7865605771517052,0.0,0.21379310344827585,0
0.5967741935483871,0.4440025166804018,0.11692077502566214,0.0,0.5551724137931034,1
0.6290322580645161,0.47551009159264734,0.31035863950833137,0.0,0.4793103448275862,1
0.11290322580645162,0.02147110186774791,0.0682293992449241,0.0,0.6620689655172414,3
0.9193548387096775,0.4854746402773726,0.31035863950833137,0.0,0.30689655172413793,1
0.5161290322580645,0.5575549481942954,0.13761286992629018,0.030405405405405428,0.3310344827586207,1
0.24193548387096775,0.3387623901473038,1.0,0.0,0.5206896551724138,0
0.7258064516129032,0.5272875643454145,0.40040479490584746,0.0,0.5862068965517242,1
0.4193548387096775,0.38800772212191653,0.1339708756444532,0.0,0.11034482758620691,1
0.935483870967742,0.19985561352823267,0.5445071419043919,0.0,0.09310344827586207,1
0.7419354838709677,0.40697827615458765,0.6168366843933586,0.0,0.41724137931034483,0
0.16129032258064518,0.552341440396216,0.5117871869073785,0.0,0.017241379310344827,0
0.6451612903225806,0.008660499544927182,0.5685512633892584,0.0,0.18620689655172412,0
0.6290322580645161,0.1621531330116679,0.5457598023580172,0.0,0.3758620689655172,0
0.3709677419354839,0.6714374251348079,0.17122592543190687,0.0,0.9724137931034483,1
0.06451612903225812,0.025471978403870745,0.6560171196928661,0.0,0.5724137931034483,3
0.4838709677419355,0.06853853734084217,0.04170315426861447,0.0,0.2586206896551724,3
0.04838709677419356,0.01811956114041114,0.7123752413981081,0.0,0.17931034482758618,0
0.4032258064516129,0.9005534814751082,0.5888490022211526,0.0,0.5137931034482759,0
0.3548387096774194,0.9883516146682676,0.7997831041621963,0.5,0.393103448275862,0
0.4516129032258065,0.1987095291038225,0.23365017137090927,0.0,0.08620689655172413,3
0.532258064516129,0.9976332180302944,0.08748325436546368,0.0,0.45172413793103444,1
0.33870967741935487,0.9438942940456042,0.0,0.0,0.13448275862068965,1
0.6129032258064516,0.4460016105679067,0.04404609326521025,0.0,0.5206896551724138,1
0.4838709677419355,0.21589541794774933,0.8358898818671601,0.0,0.0,0
0.5806451612903226,0.048966373009140446,0.40926620774445727,0.0,0.013793103448275862,1
0.5645161290322581,0.09676985683691454,0.019723602790649122,0.0,0.5517241379310345,1
0.22580645161290325,0.45164330357322907,0.058509682021422815,0.0,0.46206896551724136,3
0.27419354838709675,0.8989798840337333,0.1867681940231858,0.0,0.2586206896551724,1
0.22580645161290325,0.041218707862071935,0.6640086294386804,0.0,0.41379310344827586,0
0.04838709677419356,0.08104329308706076,0.18261585659357546,0.0,0.9379310344827586,3
0.6129032258064516,0.48089030257973187,0.07223095347178324,0.0,0.6172413793103448,1
0.6612903225806451,0.07075407649794244,0.02853862079764314,0.0,0.503448275862069,1
0.9516129032258065,0.4400480212734779,0.09414091270232496,0.0,0.15517241379310343,1
0.06451612903225812,0.5786563454090078,0.020895072288947013,0.0,0.24482758620689654,3
0.08064516129032262,0.050861277403517174,0.5521042955814721,0.0,0.2206896551724138,3
0.5645161290322581,0.02743880715801984,0.958001078679835,0.0,0.603448275862069,0
0.532258064516129,0.18221801281732425,0.06668677109370015,0.0,0.5103448275862069,1
0.6290322580645161,0.4086016156765528,0.863494806678536,0.0,0.37241379310344824,0
0.43029748107928134,0.4374647940341769,0.298115789901005,0.0,0.4275862068965517,1
0.7903225806451613,0.2274066764627197,0.41249064854175244,0.0,0.4586206896551724,1
0.0,0.043891336408379805,0.23534358272488443,0.0,0.010344827586206896,3
0.0,0.04368161304156691,0.2451212934879054,0.0,0.1896551724137931,3
0.33870967741935487,0.5652340499329828,0.2574159238660813,0.0,0.26206896551724135,1
0.6451612903225806,0.09460876509235223,0.1978101639477362,0.0,0.010344827586206896,1
0.0,0.027567867691443152,0.3770681946031212,0.0,0.47586206896551725,3
0.6612903225806451,0.8434018474477608,0.4854349225496279,0.0,0.706896551724138,1
0.5806451612903226,0.008870222911740073,0.34427864735868424,0.0,0.11724137931034483,3
0.08064516129032262,0.0666590933228651,0.06854256435833049,0.0,0.49655172413793097,3
0.6612903225806451,0.4443110520181169,0.008403263876404169,0.0,0.5206896551724138,1
0.11290322580645162,0.024072478244561647,0.03633295250909049,0.0,0.17586206896551726,3
0.9838709677419355,0.46334680850777793,0.5761716144821467,0.0,0.06896551724137931,1
0.4032258064516129,0.4685058688933194,0.5475692007910318,0.0,0.5448275862068966,0
0.4193548387096775,0.6012029517219499,0.0,0.0,0.503448275862069,1
0.9838709677419355,0.3453350666879975,0.05897363033758039,0.75,0.4103448275862069,2
0.4032258064516129,0.6413280060013149,0.6029646297402469,0.0,0.041379310344827586,0
0.12903225806451613,0.4142513749652142,0.2953784948356753,0.0,0.14827586206896554,3
0.8709677419354838,0.4946702032837839,0.09502241450302436,0.0,0.027586206896551724,1
0.6935483870967742,0.2777873378172906,0.20880573904067087,0.0,0.30344827586206896,1
0.3870967741935484,0.5513741585858193,0.2727146195913775,0.0,0.8137931034482759,1
0.16129032258064518,0.014319669497483992,0.03301572204856379,0.0,0.6724137931034483,3
0.27419354838709675,0.3455044586381156,0.188844362737991,0.0,0.5862068965517242,3
0.5806451612903226,0.014952200549313895,1.0,1.0,0.5655172413793104,2
0.4516129032258065,0.4545222945349586,0.42987711168975773,0.0,0.4068965517241379,1
0.935483870967742,0.253851314199213,0.17523907836666994,0.0,0.034482758620689655,1
0.8225806451612903,0.2652012470474042,0.3817888687200246,0.0,0.8379310344827586,1
0.8709677419354838,0.15517378135263507,0.06819460312121228,0.0,0.36896551724137927,1
0.6451612903225806,0.3435315801714623,0.7604982804915532,0.0,0.15172413793103445,0
0.435483870967742,0.41115257778249803,0.27719172084229815,0.0,0.489655172413793,1
0.11290322580645162,0.3950374880518178,0.03446556053655623,0.0,0.34137931034482755,3
0.12903225806451613,0.1055614334860998,0.3637760753452065,0.0,0.19310344827586207,3
0.6451612903225806,0.5593046594885708,0.4012978954144508,0.25,0.6482758620689656,1
0.5645161290322581,0.975391786103676,0.0,0.0,0.14482758620689656,1
0.7419354838709677,0.5479876639640138,0.03637934734070625,0.0,0.06206896551724138,1
0.7258064516129032,0.29499339236956484,0.023122024206503396,0.0,0.4103448275862069,1
0.30645161290322587,0.7933572812323131,0.15673913925988645,0.0,0.296551724137931,1
0.06451612903225812,0.025662208252614487,0.2627861256256053,0.0,0.7724137931034483,3
0.04838709677419356,0.048050177659890544,0.03788717936821838,0.0,0.02413793103448276,3
0.11290322580645162,0.03205070465706869,0.0317862590107462,0.0,0.24137931034482757,3
0.11290322580645162,0.02527771541345752,1.0,0.0,0.39999999999999997,0
0.5645161290322581,0.20384842378101656,0.4961173325291563,0.0,0.2655172413793103,0
0.8064516129032258,0.38938907314371296,0.404893494864672,0.0,0.16206896551724137,1
0.06451612903225812,0.6339540786489514,0.8598760098125069,0.0,0.09310344827586207,0
0.532258064516129,0.3512718512254701,0.005202020494916863,0.0,0.21379310344827585,1
0.25806451612903225,0.12767246049873832,0.5327344533818932,0.0,0.3275862068965517,3
0.6129032258064516,0.452136691237462,0.021672185718510956,0.0,0.04827586206896552,1
0.14516129032258068,0.10301383233154576,0.7811555792684695,0.0,0.2862068965517241,0
0.8870967741935485,0.2667197248859629,0.22631978797561952,0.0,0.27586206896551724,1
0.532258064516129,0.5271464043869827,0.22652856471789043,0.0,0.9517241379310345,1
0.33870967741935487,0.587576310401338,0.8447976895373854,0.0,0.33448275862068966,0
0.09677419354838712,0.11975204245016047,0.05262913711412548,0.0,0.5517241379310345,3
0.30645161290322587,0.8352273414740058,0.17558703960378813,0.0,0.2482758620689655,1
0.04838709677419356,0.3116670722214679,0.4006251703560223,0.0,0.2517241379310345,3
0.967741935483871,0.14783346351418392,0.42079532340097314,0.0,0.39999999999999997,1
0.19354838709677424,0.8257050939923667,0.2610347207321104,0.0,0.15517241379310343,1
0.20967741935483875,0.2988430260930823,0.13440002783689897,0.0,0.010344827586206896,3
0.29032258064516125,0.13084721518289627,0.00490045408941444,0.0,0.7000000000000001,3
0.8387096774193548,0.6659442861809779,0.4637453387692611,0.0,0.5517241379310345,1
0.7096774193548387,0.14777363857941997,0.039360215272018696,0.0,0.37732047954517367,1
0.14516129032258068,0.009590138699742012,1.0,0.0,0.493103448275862,0
0.5161290322580645,0.9660772454180151,0.09813086822128014,0.0,0.46206896551724136,1
0.016129032258064557,0.09626235317683848,0.5445419380281036,0.0,0.47586206896551725,3
0.4516129032258065,0.4640667242957799,0.35387077879524215,0.0,0.5827586206896552,1
0.04838709677419356,0.057415132616420006,0.8063943676674417,0.0,0.1413793103448276,0
0.3870967741935484,0.5205192804337511,0.0,0.0,0.44482758620689655,1
0.03225806451612906,0.008087121237582966,0.38842332964107795,0.0,0.18620689655172412,3
0.5806451612903226,0.4359113623011493,0.331485272540639,0.0,0.05172413793103449,1
0.7580645161290323,0.2583610387759684,0.015408883450383624,0.0,0.06896551724137931,1
0.14516129032258068,0.06901579243839713,0.2501319353024073,0.0,0.47586206896551725,3
0.6451612903225806,0.16975358848780045,0.1894938903806116,0.0,0.806896551724138,1
0.4838709677419355,0.4273873173827062,0.023957131175587038,0.0,0.15517241379310343,1
0.5645161290322581,0.10408463144479235,0.14157962802943752,0.0,0.9344827586206896,1
0.24193548387096775,0.45964236788436175,0.25190653761171006,0.0,0.21379310344827585,3
0.33870967741935487,0.600442032326975,0.6879019677207958,0.0,0.5758620689655173,0
0.20967741935483875,0.9588075075587799,0.4878242563778395,0.0,0.3482758620689655,1
0.1774193548387097,0.6731266393040412,0.990964606542831,0.0,0.15517241379310343,0
0.903225806451613,0.4878353725345741,0.392436482575841,0.0,0.4068965517241379,1
0.5645161290322581,0.2915141354893612,0.007626150446840219,0.0,0.35172413793103446,1
0.12903225806451613,0.07225037205731902,0.1926951337620989,0.0,0.14827586206896554,3
0.12903225806451613,0.3580576120843679,0.12846148939008195,0.0,0.9655172413793104,3
0.30645161290322587,0.23875257616924142,0.31561824012804973,0.0,0.13793103448275862,3
0.5967741935483871,0.13467802757862277,0.11913612823531458,0.0,0.3896551724137931,1
0.04838709677419356,0.11437452022418891,0.7374052530548096,0.0,0.5379310344827587,0
0.30645161290322587,0.2324911237273758,0.05868366263998191,0.0,0.07931034482758621,3
0.8225806451612903,0.23281646382204707,0.09566034343774103,0.0,0.5379310344827587,1
0.8548387096774193,0.4471187908103523,0.14254232078546447,0.0,0.06896551724137931,1
0.12903225806451613,0.09030876388240973,0.0206862955466761,0.0,0.5758620689655173,3
0.6451612903225806,0.7184127705397823,0.008878810900465689,0.0,0.5310344827586208,1
0.5967741935483871,0.1434756539403122,1.0,0.0,0.7862068965517242,0
0.7580645161290323,0.8598913471634243,0.011604507257891469,0.0,0.9413793103448276,1
0.14516129032258068,0.18128299614028345,0.0011772688522498596,0.0,0.11724137931034483,3
0.4516129032258065,0.2340848868770981,0.7977997251106226,0.0,0.17931034482758618,0
0.467741935483871,0.13575218764326058,1.0,0.0,0.49999999999999994,0
0.9516129032258065,0.20059031750235606,0.012172843945184506,0.0,0.7517241379310345,1
0.3870967741935484,0.4501295310666181,0.15234322896429336,0.0,0.8586206896551725,1
0.14516129032258068,0.04337106113301706,0.2157997599067464,0.0,0.027586206896551724,3
0.9193548387096775,0.3580461848496378,0.33910562363352725,0.0,0.09999999999999999,1
0.5645161290322581,0.4951387199077218,0.0,0.0,0.46206896551724136,1
0.32258064516129037,0.42085228349759424,0.3225542674546055,0.0,0.43448275862068964,1
0.5806451612903226,0.5541543375766466,0.015687252440078174,0.0,0.37732047954517367,1
0.14516129032258068,0.08096599120506241,0.14312225618066146,0.0,0.07241379310344827,3
0.1774193548387097,0.9106235640335183,0.4831731745083598,0.0,0.4379310344827586,0
0.4032258064516129,0.08309952314821663,0.133820092441702,0.0,0.1896551724137931,3
0.3870967741935484,0.1286867956286122,0.580706709272587,0.0,0.4068965517241379,0
0.8225806451612903,0.5547781301548593,0.12267373414601612,0.5,0.3896551724137931,2
0.12903225806451613,0.1055513506319261,0.4157498854627594,0.0,0.5793103448275863,3
0.8064516129032258,0.7878930464604478,0.17406760886837205,0.0,0.7482758620689656,1
0.08064516129032262,0.03265903685888172,0.7085012729581923,0.0,0.4689655172413793,0
0.6129032258064516,0.35769126838272364,0.5228639529556407,0.0,0.5344827586206897,0
0.6451612903225806,0.12183314355161146,0.8963307487545888,0.0,0.7620689655172415,0
0.30645161290322587,0.8092216439892074,0.9946993904878996,0.030405405405405428,0.16896551724137931,0
0.8225806451612903,0.30869330243050563,0.5906352032383593,0.0,0.4275862068965517,0
0.19354838709677424,0.02439714614895468,0.1091612394379266,0.0,0.4379310344827586,3
1.0,0.2865204339122684,0.7152169248345734,0.0,0.22758620689655168,0
0.8709677419354838,0.21634511324389621,0.1256082072457128,0.0,0.27586206896551724,1
0.7096774193548387,0.2860660332841738,0.032238608618999846,0.0,0.38620689655172413,1
0.16129032258064518,0.09532330335812819,0.3105612034819321,0.0,0.06551724137931035,3
0.8548387096774193,0.39399290435942286,0.17685129876531755,0.0,0.35172413793103446,1
0.3548387096774194,0.4435098012064471,0.23491443053243866,0.0,0.3896551724137931,1
0.04838709677419356,0.048497184194924436,0.13545551025615746,0.0,0.4586206896551724,3
0.3870967741935484,0.9318614158747146,0.16390714074452106,0.0,0.9620689655172414,1
0.03225806451612906,0.051494480645625326,0.1492927687855573,0.0,0.5137931034482759,3
0.7419354838709677,0.06282357559519089,0.7274303642574218,0.0,0.2862068965517241,0
0.3709677419354839,0.8904128189374825,1.0,0.0,0.9896551724137931,0
0.22580645161290325,0.563137488455132,0.2227125898174943,0.0,0.0896551724137931,1
0.6290322580645161,0.7385825120288452,0.09075408999437462,0.030405405405405428,0.16206896551724137,1
0.6612903225806451,0.4153739327298857,0.32412009302163736,0.0,0.0896551724137931,1
0.4193548387096775,0.02553516429002591,0.01644116845383424,0.0,0.30689655172413793,3
0.12903225806451613,0.06867297539649145,0.11134179652386722,0.0,0.5137931034482759,3
0.6451612903225806,0.5599331573987313,0.1904333857208307,0.0,0.46206896551724136,1
0.32258064516129037,0.5539883065779198,0.0,0.0,0.47586206896551725,1
0.6451612903225806,0.47597591945547213,0.09335220056485707,0.0,0.29310344827586204,1
0.7903225806451613,0.10693875136622676,0.07341402167798507,0.0,0.2068965517241379,1
0.14516129032258068,0.10716864044138703,0.09857161912162986,0.0,0.5172413793103449,3
0.5,0.41426817972217034,0.0676958586813429,0.0,0.2,1
0.5483870967741935,0.5643770073282185,0.027378750007249188,0.0,0.5482758620689655,1
0.3548387096774194,0.07870474310904137,0.09662303619376801,0.0,0.12413793103448274,3
0.6129032258064516,0.25935588038777313,0.12502827185051585,0.0,0.806896551724138,1
0.016129032258064557,0.025203102292572162,0.47656191100311424,0.0,0.8206896551724138,3
0.11290322580645162,0.11904288170661048,0.13648779525960805,0.0,0.3896551724137931,3
0.5,0.20274199858302291,0.23932193953593567,0.0,0.21724137931034482,1
0.06451612903225812,0.11699068478712409,0.23184077293789468,0.0,0.44827586206896547,3
1.0,0.5106246395379634,0.0,1.0,0.9413793103448276,2
0.1774193548387097,0.5027539635699758,0.9396983176074185,0.0,0.6862068965517242,0
0.27419354838709675,0.526705447564453,0.31035863950833137,0.0,0.19655172413793104,1
0.7903225806451613,0.4396850385232249,0.1338548885654138,0.0,0.8551724137931035,1
0.6935483870967742,0.5068986888256434,0.21666966299954185,0.0,0.4793103448275862,1
0.12903225806451613,0.00238560329749663,0.29267599589405735,0.0,0.5551724137931034,3
0.08064516129032262,0.014693407292189015,0.2073790979684863,0.75,0.41379310344827586,2
0.3548387096774194,0.8443657683067662,0.14068652752083416,0.0,0.7241379310344828,1
0.4193548387096775,0.5394199266774845,0.808076180313513,0.0,0.05172413793103449,0
0.3870967741935484,0.04063390231999753,0.39176375751741255,0.0,0.4586206896551724,3
0.43029748107928134,0.351577025611794,0.5697227328875563,0.0,0.4586206896551724,0
0.14516129032258068,0.5071151340952387,0.22812918640863408,0.0,0.4068965517241379,3
0.532258064516129,0.5389944302313545,0.40405838789558846,0.0,0.4689655172413793,1
0.4516129032258065,0.4033074450450838,0.20769226308189268,0.0,0.46206896551724136,1
1.0,0.16537023568335538,0.248856077432974,0.0,0.6689655172413793,1
0.6451612903225806,0.7934796198629539,0.8388475523826644,0.0,0.1275862068965517,0
0.7419354838709677,0.4701722285930923,0.43413383749050355,0.0,0.17586206896551726,1
0.6451612903225806,0.28779692325065837,0.26210180185927284,0.0,0.393103448275862,1
0.0,0.0825100122741945,0.26251935534381465,0.0,0.9,3
0.08064516129032262,0.07909999099265028,0.1379956272871202,0.0,0.5862068965517242,3
0.6935483870967742,0.11081325613003926,0.07822748545811996,1.0,0.2793103448275862,2
1.0,0.19011288763532874,0.20585966723307023,0.0,0.8862068965517241,1
0.1774193548387097,0.5932166590261039,0.6974361056178342,0.0,0.17586206896551726,0
0.6612903225806451,0.39500186196707077,0.880544907297327,0.0,0.09655172413793102,0
0.8709677419354838,0.5092291725203237,0.2905650310555404,0.0,0.3103448275862069,1
0.435483870967742,0.30628013933160086,0.15930245370665708,0.0,0.46206896551724136,1
0.5645161290322581,0.3682164237595064,1.0,0.0,0.8310344827586207,0
0.25806451612903225,0.21454700424958698,0.0,0.0,0.27586206896551724,3
0.6290322580645161,0.5308286627312168,0.11953048430404853,0.0,0.41724137931034483,1
0.09677419354838712,0.06672429577985502,1.0,0.0,0.4724137931034483,0
0.19354838709677424,0.2241142884798686,0.12023800548618882,0.0,0.3896551724137931,3
0.6451612903225806,0.01632212433638015,0.10594839734853538,0.0,0.07586206896551724,1
0.5645161290322581,0.2551580521001241,0.11583049648269184,0.0,0.16206896551724137,1
0.7903225806451613,0.35341748259363276,0.489448075484391,0.0,0.8172413793103449,1
0.14516129032258068,0.035393506910788256,0.7669471620861434,0.0,0.9551724137931035,0
0.27419354838709675,0.49187994143878294,0.3247000284168344,0.0,0.8206896551724138,1
0.29032258064516125,0.3706463916153674,0.3282840291591516,0.0,0.25517241379310346,3
0.09677419354838712,0.12730813336792873,0.5166818416428409,0.0,0.11724137931034483,3
0.5161290322580645,0.023670508458170272,0.09796848631062499,0.0,0.3448275862068965,3
0.7741935483870968,0.13931210735685376,0.08037324642034877,0.0,0.5379310344827587,1
0.33870967741935487,0.4269006516212558,0.07388956870204659,0.0,0.5517241379310345,1
0.9193548387096775,0.5116994717928794,0.8843260860740114,0.0,0.33448275862068966,0
0.3870967741935484,0.36480505809740577,0.42952915045263956,0.0,0.43103448275862066,1
0.27419354838709675,0.6613471768680506,0.1730469225728254,0.0,0.3310344827586207,1
0.25806451612903225,0.46486931948800614,0.0,0.0,0.4827586206896552,1
0.5967741935483871,0.17208407218248087,0.2513845957560328,0.0,0.46551724137931033,1
0.6774193548387097,0.6257365524973887,1.0,0.0,0.5137931034482759,0
0.5806451612903226,0.12940133389438815,0.08842274970568278,0.030405405405405428,0.3620689655172414,1
0.8064516129032258,0.48872266370185946,0.32234549071233465,0.0,0.493103448275862,1
0.016129032258064557,0.010995688571555327,0.13949186060672839,0.0,0.35517241379310344,3
0.29032258064516125,0.6654959352653875,0.27257543509653026,0.0,0.08275862068965517,1
0.9516129032258065,0.5142853877932936,0.03956899201428961,0.0,0.08620689655172413,1
0.25806451612903225,0.6381008204754538,0.0061995093746556595,0.0,0.8551724137931035,1
0.04838709677419356,0.08255572121311526,0.06637360598029379,0.0,0.03793103448275863,3
0.32258064516129037,0.7746105665622981,0.06283600006959225,0.0,0.8620689655172414,1
0.06451612903225812,0.004543334090667714,0.780865611570871,0.0,0.3103448275862069,0
0.16129032258064518,0.003987432730557905,0.8455168094274297,0.0,0.7620689655172415,0
0.6451612903225806,0.4728448571394002,0.04471881832363875,0.0,0.5172413793103449,1
0.14516129032258068,0.02472920814640842,0.04406929068101813,0.0,0.4689655172413793,3
0.7903225806451613,0.49851311510451884,0.10602958830386294,0.0,0.46206896551724136,1
0.03225806451612906,0.055024823986975654,0.690186913177872,0.75,0.9379310344827586,2
0.4838709677419355,0.5318624913791598,0.23612069615444836,0.0,0.11724137931034483,1
0.43029748107928134,0.3344691108401438,0.2002458926075635,0.0,0.3896551724137931,1
0.532258064516129,0.18081582389690215,0.08984939077786734,0.0,0.3,1
0.7096774193548387,0.1126678291077212,0.3014098229457238,0.0,0.33448275862068966,1
0.8064516129032258,0.5140837307098196,0.4184059895727616,0.0,0.8793103448275862,1
0.7741935483870968,0.2968062895499955,0.0,0.0,0.1586206896551724,1
0.8064516129032258,0.12870897790779434,0.7901793740177345,0.0,0.2793103448275862,0
0.0,0.12491110283570192,0.0016180197525995574,0.0,0.2689655172413793,3
1.0,0.2537760288880494,0.3318448324856611,1.0,0.4413793103448276,2
0.08064516129032262,0.11353428237638086,0.49489946819924263,0.0,0.43448275862068964,3
0.14516129032258068,0.041018395159154494,0.7050216605870105,0.0,0.8241379310344827,0
0.27419354838709675,0.8102185021718469,0.49799632320959447,0.5,0.7758620689655172,2
0.12903225806451613,0.0971294786357764,0.05492568127910551,0.0,0.0896551724137931,3
0.4193548387096775,0.4777189088469651,0.38367945810836673,0.0,0.2689655172413793,1
0.6612903225806451,0.6161343143726382,0.06483097782906984,0.0,0.14827586206896554,1
0.7258064516129032,0.42916189971727675,0.0,0.0,0.0896551724137931,1
0.7580645161290323,0.26102022351671134,0.22084519784496007,0.0,0.9275862068965518,1
0.6774193548387097,0.020940743738211462,0.47213120458380936,0.0,0.1275862068965517,0
0.5806451612903226,0.31555300422001054,0.022948043587944306,0.0,0.5586206896551724,1
0.16129032258064518,0.009768269123477322,0.0841428264891291,0.0,0.3275862068965517,3
0.0,0.06432054334484573,1.0,0.0,0.5448275862068966,0
0.5967741935483871,0.33691441293630026,0.043790921691323585,0.25,0.09310344827586207,1
0.5806451612903226,0.438957056451884,0.007428972412473249,0.0,0.23448275862068962,1
0.04838709677419356,0.10489058758840984,0.36980740345525503,0.0,0.8620689655172414,3
0.5806451612903226,0.3631682747698757,0.35169022170930153,0.0,0.16896551724137931,1
0.0,0.014179181729330487,0.14874762951407214,0.0,0.2689655172413793,3
0.8225806451612903,0.15758358350014856,0.3858252190705955,0.0,0.4793103448275862,1
0.7096774193548387,0.7233937005015885,0.40613455661039355,0.0,0.5896551724137932,1
0.5967741935483871,0.35717637062958685,0.09633306849616952,0.0,0.006896551724137931,1
0.5967741935483871,0.2566550198497789,0.6069545852592022,0.0,0.40344827586206894,0
0.6451612903225806,0.4849241164394888,0.20058225513677777,0.0,0.2827586206896551,1
0.4516129032258065,0.24464230738723677,1.0,0.0,0.16551724137931034,0
0.12903225806451613,0.024493269358743918,0.8050489175505848,0.0,0.7482758620689656,0
0.5645161290322581,0.6648707983066184,0.33940719003902964,0.0,0.5517241379310345,1
0.6290322580645161,0.33877986709453817,0.17470553780308873,0.0,0.44482758620689655,1
0.43029748107928134,0.2834357527253955,0.0,0.0,0.4241379310344827,1
0.19354838709677424,0.3512483245657315,0.5673333990593448,1.0,0.4068965517241379,2
0.08064516129032262,0.10318591304277686,0.05860247168465432,0.0,0.2379310344827586,3
0.9516129032258065,0.5264029619392422,0.24052820515794543,0.0,0.5793103448275863,1
0.6774193548387097,0.25720957682933226,0.7468350025807124,0.0,0.3586206896551724,0
0.14516129032258068,0.03275247130755797,0.7177338444497283,0.0,0.1206896551724138,0
0.19354838709677424,0.5657623914916845,0.3136812559080918,0.0,0.1724137931034483,3
0.935483870967742,0.15462661846614248,0.3559701449258552,0.0,0.5448275862068966,1
0.016129032258064557,0.44869776577395315,0.7404905093572576,0.0,0.3586206896551724,0
0.4838709677419355,0.3649099197808122,0.16460306321875742,0.0,0.44827586206896547,1
0.3548387096774194,0.5987985270966624,0.1216066530188537,0.0,0.14482758620689656,1
0.6290322580645161,0.3961634067678806,0.2768785557288918,0.0,0.16206896551724137,1
0.7580645161290323,0.3607867046140485,0.9045890287821936,0.0,0.3758620689655172,0
0.33870967741935487,0.37483144828772974,0.15448898992652219,0.0,0.4551724137931034,1
0.4032258064516129,0.9463740039820553,0.0,0.0,0.5103448275862069,1
0.3548387096774194,0.6583330756603935,0.06046986365718858,0.0,0.6172413793103448,1
0.33870967741935487,0.14328340752073374,0.5536817198564079,0.0,0.3482758620689655,0
0.6290322580645161,0.513438428042703,0.024954620055325838,0.0,0.11034482758620691,1
0.016129032258064557,0.02217622946962843,0.1286818648402568,1.0,0.2,2
0.6612903225806451,0.3995283913007823,0.09375815534149495,0.0,0.14827586206896554,1
0.11290322580645162,0.05518278870236357,0.5013831459175448,0.0,0.5206896551724138,3
0.532258064516129,0.023276604955117856,1.0,0.0,0.15517241379310343,0
0.4838709677419355,0.7177042819865106,0.0,0.0,0.906896551724138,1
0.3709677419354839,0.33691441293630026,0.057431002186356425,0.0,0.2482758620689655,1
0.4516129032258065,0.13107710425805655,0.6074881258227833,0.0,0.5758620689655173,0
0.7258064516129032,0.06302859363005606,0.40302610289213775,0.0,0.4551724137931034,1
0.532258064516129,0.45395429374984037,0.0566538887567925,0.0,0.21379310344827585,1
0.0,0.03486046002013883,0.39682079416353017,0.0,0.506896551724138,3
0.19354838709677424,0.7541692602008236,0.17530867061409358,0.0,0.25517241379310346,1
0.6774193548387097,0.9685959423906044,0.12277812251715159,0.0,0.4241379310344827,1
0.5806451612903226,0.33625780917055753,0.14094169909472085,0.0,0.2068965517241379,1
0.5967741935483871,0.9203817503028219,0.6014683964206387,0.0,0.1206896551724138,1
0.5161290322580645,0.1547476127162268,0.5194655315397865,0.0,0.6517241379310346,0
0.6774193548387097,0.19995778645052614,0.35269930929694426,0.0,0.296551724137931,1
0.16129032258064518,0.5198820440499734,0.23066930343959682,0.0,0.14482758620689656,3
0.03225806451612906,0.02105165513412213,0.74691619353604,0.0,0.25517241379310346,0
0.3548387096774194,0.4043594228305395,0.382473192486357,0.0,0.43103448275862066,1
0.8548387096774193,0.40105359104212346,0.1478661277133727,0.0,0.24137931034482757,1
0.5645161290322581,0.4866778608754338,0.0307307765914877,0.0,0.06551724137931035,1
0.04838709677419356,0.0765933934450693,1.0,0.0,0.4068965517241379,0
0.06451612903225812,0.09093591741201366,0.6097846699877634,0.0,0.396551724137931,3
0.12903225806451613,0.0924705278172503,0.028434232426507687,0.0,0.18275862068965515,3
0.0,0.12380938296965602,0.12084113829719367,0.25,0.41724137931034483,3
0.16129032258064518,0.10880878472030836,0.5597710415059762,0.0,0.806896551724138,3
0.5645161290322581,0.049175424185675096,0.24492411545353848,0.0,0.7241379310344828,1
0.19354838709677424,0.5105224666156699,1.0,0.0,0.08275862068965517,0
0.935483870967742,0.46403849230409355,0.04742131726525664,0.0,0.2206896551724138,1
0.8064516129032258,0.4224339472223081,0.7118880956661429,0.0,0.5137931034482759,0
0.27419354838709675,0.3610186102600435,0.05032099424124152,0.0,0.5724137931034483,3
0.19354838709677424,0.5714269389664671,0.19791455231887167,0.0,0.15172413793103445,3
0.016129032258064557,0.004119182025094207,0.2486820968144149,0.0,0.5827586206896552,3
0.4193548387096775,0.6230968612747149,0.05687426420696734,0.0,0.5137931034482759,1
0.5967741935483871,0.5693162614927734,0.5115436140413958,0.0,0.18275862068965515,1
0.4193548387096775,0.028287783479445102,0.6216501481734935,0.0,0.3103448275862069,0
0.25806451612903225,0.049434217442799966,0.4187887469335916,0.0,0.17586206896551726,3
0.0,0.017710197260959057,0.21864144334321156,0.0,0.5827586206896552,3
0.27419354838709675,0.5684088046171406,0.46884877024699445,0.0,0.46206896551724136,0
0.09677419354838712,0.09937123321372829,0.09399012949957375,0.75,0.6620689655172414,2
0.14516129032258068,0.0018848215402030282,0.12588657623540736,0.0,0.5551724137931034,3
0.33870967741935487,0.4283976193709106,0.06706952845453015,0.0,0.08275862068965517,1
0.04838709677419356,0.33691441293630026,0.0711870697604287,0.0,0.5482758620689655,3
0.6129032258064516,0.49651603778784875,0.10451015756844687,0.75,0.9206896551724139,2
0.5806451612903226,0.5300475776278943,0.2666252979418093,0.0,0.5586206896551724,1
0.7419354838709677,0.48537246735507916,0.7032934531093236,0.0,0.396551724137931,0
0.25806451612903225,0.6606407048856135,0.032099424124152565,0.0,0.46551724137931033,1
0.016129032258064557,0.11627076899912213,1.0,0.0,0.2,0
0.24193548387096775,0.19567862313920928,0.0,0.0,0.06206896551724138,3
0.20967741935483875,0.47709041093680477,0.8752326990773227,0.0,0.4379310344827586,0
0.7258064516129032,0.7312845421779235,0.2833042399076743,0.0,0.35517241379310344,1
0.12903225806451613,0.05156371624428471,0.39440826291951075,0.0,0.6103448275862069,3
1.0,0.24683095893320714,0.012775976756189363,0.0,0.09999999999999999,1
0.7903225806451613,0.44341166142582317,0.1204351835205558,0.0,0.1724137931034483,1
0.30645161290322587,0.6257916721002048,0.10477692785023748,0.0,0.9344827586206896,1
0.30645161290322587,0.41084740339617415,0.0,0.0,0.16551724137931034,1
0.04838709677419356,0.01798310651392711,0.4055430225072927,0.25,0.3620689655172414,3
0.16129032258064518,0.10500015460376401,0.015455278281999385,0.0,0.18275862068965515,3
0.6774193548387097,0.04103116677444117,0.3523629467677301,0.0,0.47586206896551725,1
0.9193548387096775,0.15473820205233138,0.38749543300876277,0.0,0.09655172413793102,1
0.5483870967741935,0.39364269322445644,0.1715274918374093,0.0,0.21724137931034482,1
0.09677419354838712,0.04703718691057315,0.17917104034610543,0.0,0.16551724137931034,3
0.3548387096774194,0.3771296668490543,0.2855195931173268,0.0,0.43448275862068964,1
0.09677419354838712,0.05559551353320688,0.029501313553670125,0.0,0.010344827586206896,3
0.5483870967741935,0.4882810346890515,0.12222138453776249,0.0,0.803448275862069,1
0.532258064516129,0.3857115201314267,0.38786659166168885,0.0,0.5344827586206897,1
0.12903225806451613,0.3371524944309035,0.23702539537095568,0.0,0.49999999999999994,3
0.8709677419354838,0.2379432590742327,0.0201875511068067,0.0,0.3482758620689655,1
0.8387096774193548,0.08408697066696065,0.10292113458560717,0.0,0.7344827586206897,1
0.1774193548387097,0.48388356588876325,0.26701965401054323,0.0,0.45172413793103444,3
0.016129032258064557,0.09426191490877707,0.03803796257096959,0.0,0.5724137931034483,3
0.8225806451612903,0.3926854942682335,0.36645537687101654,0.0,0.02413793103448276,1
0.5806451612903226,0.05339946789417574,0.11835901480575062,0.0,0.5413793103448277,1
0.7903225806451613,0.37426546407344624,0.07949174461964938,0.0,0.0,1
0.04838709677419356,0.06457799222141411,0.3242824749322925,0.0,0.2482758620689655,3
0.11290322580645162,0.10026995161574379,0.5779346180835456,0.0,0.5172413793103449,3
0.4032258064516129,0.41102486162963126,1.0,0.0,0.37732047954517367,0
0.33870967741935487,0.4080625190733992,0.09109045252358887,0.0,0.08275862068965517,1
0.6612903225806451,0.39567942976754317,0.07466668213161054,0.0,0.506896551724138,1
0.8064516129032258,0.9869151440436549,0.044301264839096924,0.0,0.09310344827586207,1
0.935483870967742,0.30968074994924966,0.18885596144589492,0.75,0.2862068965517241,2
0.06451612903225812,0.11459163768406251,0.5831772340561261,0.0,0.2482758620689655,3
0.5806451612903226,0.8832223995310802,0.0,0.0,0.5206896551724138,1
0.14516129032258068,0.07359273604297717,0.2117518108482715,0.0,0.25517241379310346,3
0.14516129032258068,0.08784316994180177,0.10551924515608961,0.0,0.21724137931034482,3
0.016129032258064557,0.011462860814936606,0.14326144067550872,0.5,0.8724137931034484,3
0.5,0.6263482456505929,0.34380310033462275,0.75,0.47586206896551725,2
0.3709677419354839,0.635246028363741,0.3828211537234752,0.0,0.7000000000000001,1
0.4193548387096775,0.06515002614820184,0.14151003578201388,0.0,0.5137931034482759,3
0.5,0.6233213728276491,0.16466105675827714,0.0,0.3793103448275862,1
0.7741935483870968,0.27908869819597576,0.9440826291951077,0.0,0.296551724137931,0
0.5967741935483871,0.4624521232474319,0.48650200367679036,0.0,0.35172413793103446,1
0.6290322580645161,0.6979136558143788,0.10953239809085266,0.0,0.13103448275862067,1
0.25806451612903225,0.6376948175473929,0.36343971281599224,0.0,0.2,1
0.467741935483871,0.07641862397272521,0.7183601746765409,0.0,0.3310344827586207,0
0.06451612903225812,0.07687705774248929,0.8744439869398548,0.0,0.044827586206896544,0
0.12903225806451613,0.06311866712734109,0.18443685373449395,0.0,0.5482758620689655,3
0.967741935483871,0.380219053367875,0.0,0.0,0.9379310344827586,1
0.14516129032258068,0.33691441293630026,0.18452964339772548,0.0,0.07586206896551724,3
0.11290322580645162,0.09703940513849138,0.019120469979644263,0.75,0.5965517241379311,2
0.6774193548387097,0.33691441293630026,0.12267373414601612,0.0,0.3758620689655172,1
0.19354838709677424,0.587388097123429,0.04647022321713361,0.0,0.3172413793103448,1
0.6129032258064516,0.412633412965475,0.4739753991405357,0.0,0.5793103448275863,1
0.22580645161290325,0.33691441293630026,0.02215933145047641,0.0,0.41379310344827586,3
0.7580645161290323,0.6030837401204835,0.022820457801000962,0.0,0.2655172413793103,1
0.967741935483871,0.5014593250940731,0.0,0.0,0.3379310344827586,1
0.04838709677419356,0.0398460953138927,1.0,0.0,0.7758620689655172,0
0.5161290322580645,0.14622289560750543,0.142635110448696,0.0,0.24482758620689654,1
0.16129032258064518,0.1808104463746762,0.27705253634745086,0.0,0.5482758620689655,3
0.16129032258064518,0.6525435007938568,0.11489100114247272,0.0,0.44482758620689655,1
0.6290322580645161,0.41829325510831006,0.17984376540453395,0.0,0.5551724137931034,1
0.8387096774193548,0.8943323604499374,0.17686289747322145,0.25,0.4551724137931034,1
0.532258064516129,0.43559946601204297,0.46940550822638355,0.0,0.37732047954517367,1
0.7419354838709677,0.2043149238341196,0.45513909750453796,0.0,0.06206896551724138,1
0.19354838709677424,0.6893990215598311,1.0,0.0,0.1206896551724138,0
0.04838709677419356,0.02423783705301027,0.37825126280932303,0.0,0.8172413793103449,3
0.5645161290322581,0.3743259611984884,0.6549268411498959,0.0,0.29310344827586204,0
0.9838709677419355,0.2647804559332219,0.9342585236004708,0.0,0.0896551724137931,0
0.03225806451612906,0.008016541258367088,0.27537072370137966,0.0,0.7862068965517242,3
0.7096774193548387,0.2375191070086592,0.007834927189111131,0.0,0.22413793103448276,1
0.33870967741935487,0.4758589583470572,0.2905650310555404,0.0,0.296551724137931,1
0.9193548387096775,0.08660902859094131,0.41587747124970276,0.0,0.09310344827586207,1
0.967741935483871,0.32947070393110317,0.37498042718041213,0.0,0.2068965517241379,1
0.03225806451612906,0.6142387377879832,0.9212911681638665,0.0,0.19655172413793104,0
0.09677419354838712,0.037990177955654264,0.0,0.0,0.26206896551724135,3
0.532258064516129,0.7562402784481009,0.13862195751393294,0.0,0.36551724137931035,1
0.4032258064516129,0.4794666035704059,0.3757923367336879,0.0,0.09310344827586207,1
0.14516129032258068,0.1309601431496417,0.31014364999739025,0.0,0.40344827586206894,3
0.8064516129032258,0.5891089042357399,0.09851362558211015,0.0,0.3586206896551724,1
0.0,0.2559176271145426,0.08678733189122731,0.0,0.5724137931034483,3
0.12903225806451613,0.36877635826128574,0.7412676227868216,0.0,0.8758620689655173,0
0.5161290322580645,0.02268642189081748,0.3531748563210058,0.0,0.37241379310344824,3
0.16129032258064518,0.03417079279465797,0.029524510969477995,0.0,0.13103448275862067,3
0.8064516129032258,0.15409827690744077,0.06434383209710438,0.0,0.09999999999999999,1
0.5806451612903226,0.25634581232178555,0.5231887167769511,0.0,0.1206896551724138,0
0.16129032258064518,0.04820343704333073,0.254411858518961,0.0,0.2068965517241379,3
0.0,0.013658234263689492,0.16616888878578925,0.0,0.3103448275862069,3
0.19354838709677424,0.635365678233269,0.04033450673594961,0.0,0.13103448275862067,1
0.6612903225806451,0.19718164060136834,0.047363323725736955,0.0,0.1586206896551724,1
0.4032258064516129,0.36392852197457237,0.004830861841990799,0.0,0.4413793103448276,1
0.29032258064516125,0.10592105528496164,0.03983576229608021,0.0,0.25517241379310346,3
0.5645161290322581,0.26580420172699126,0.06706952845453015,0.0,0.41724137931034483,1
0.24193548387096775,0.6586584157550648,0.12011041969924549,0.0,0.14827586206896554,1
0.0,0.04406140054877615,1.0,0.0,0.4103448275862069,0
0.4032258064516129,0.16935766841391328,0.11659601120435184,0.0,0.8172413793103449,3
0.19354838709677424,0.7386692245747389,1.0,0.0,0.5206896551724138,0
0.7419354838709677,0.13933899496798358,0.43600122946303776,0.0,0.2379310344827586,1
0.4516129032258065,0.5211390398702943,0.16261968416718375,0.0,0.5172413793103449,1
0.5,0.5479964024376309,0.4766431019584418,0.0,0.5275862068965518,1
0.0,0.05195358660566764,0.4959897467422129,0.0,0.4379310344827586,3
0.20967741935483875,0.3994154633340369,0.0994067260907135,0.0,0.05517241379310345,3
0.30645161290322587,0.17912997067906009,0.05975074376714433,0.0,0.33448275862068966,3
0.6129032258064516,0.5424582267351584,0.35983251465786714,0.0,0.5827586206896552,1
0.24193548387096775,0.3562581587095022,0.16528738698508985,0.0,0.3103448275862069,3
0.14516129032258068,0.2316885285351495,0.046354236138094224,0.0,0.4551724137931034,3
0.14516129032258068,0.004004909677792313,0.315745825914993,0.0,0.0896551724137931,3
0.09677419354838712,0.04375958711384349,0.26632373153630684,0.0,0.33448275862068966,3
0.33870967741935487,0.158542126836928,0.15788741134237647,0.75,0.5724137931034483,2
0.3709677419354839,0.02472786376585193,0.11400949934177332,0.0,0.03793103448275863,3
0.6935483870967742,0.5606308909075511,0.41432324439057483,0.0,0.2379310344827586,1
0.6774193548387097,0.24904044837780323,0.5666838714167242,0.0,0.5448275862068966,0
0.4516129032258065,0.40547593088270684,0.1277771656237495,0.75,0.23103448275862065,2
0.467741935483871,0.5849211588022645,0.9326463032018233,0.0,0.5896551724137932,0
0.8064516129032258,0.9935321851427129,1.0,0.0,0.40344827586206894,0
0.7258064516129032,0.06756117267627182,0.0,0.0,0.43103448275862066,1
0.5645161290322581,0.329647489974282,0.21044115685512635,0.0,0.06896551724137931,1
0.6451612903225806,0.5275201421816877,0.7213410426078535,0.0,0.27586206896551724,0
0.12903225806451613,0.010655560290762627,0.0,0.0,0.1896551724137931,3
0.5,0.1353152639624004,0.482558442989451,0.0,0.7931034482758621,0
0.532258064516129,0.36258279703752305,0.4165269988923234,0.25,0.19310344827586207,1
0.5161290322580645,0.5619651886098702,0.726804034030609,0.0,0.28965517241379307,0
0.5483870967741935,0.45504525857143435,0.07235853925872657,0.0,0.9724137931034483,1
0.5,0.3332437079629005,0.14343542129406783,0.0,0.6586206896551724,1
0.20967741935483875,0.5904351356547202,0.5613020709492962,0.0,0.9862068965517242,0
0.09677419354838712,0.028874605592354236,0.0,0.0,0.13448275862068965,3
0.08064516129032262,0.6236769614848415,0.1212818891975434,0.0,0.2586206896551724,3
0.6612903225806451,0.4284460170709443,0.6523519279952212,0.0,0.5862068965517242,0
0.25806451612903225,0.014639632069929302,0.11975085975422337,1.0,0.041379310344827586,2
0.3709677419354839,0.34937761902137165,0.3072091768976936,0.0,0.5448275862068966,1
0.04838709677419356,0.02616971191269055,0.030579993388736494,0.0,0.3172413793103448,3
0.7903225806451613,0.7534594272669954,0.0707231214442711,0.0,0.8586206896551725,1
0.7096774193548387,0.26131397066830503,0.007579755615224462,0.0,0.1206896551724138,1
0.532258064516129,0.49628278776129714,0.6410663852046881,0.0,0.49999999999999994,0
0.6451612903225806,0.31686108650147815,0.011465322763044197,1.0,0.6931034482758621,2
0.532258064516129,0.3940278582538917,0.10425498599456019,0.0,0.6793103448275862,1
0.5483870967741935,0.6940868765603218,0.8318999263482048,1.0,0.28965517241379307,2
0.04838709677419356,0.013122498611927078,0.3875070317166667,0.0,0.6379310344827587,3
0.7580645161290323,0.06713903718153305,1.0,0.0,0.3275862068965517,0
0.016129032258064557,0.05438086570041556,0.19441174253188193,0.0,0.7862068965517242,3
0.1774193548387097,0.4425089098821382,0.3041355193031496,0.0,0.3896551724137931,3
0.3548387096774194,0.5661751163225277,0.5268655071824999,0.0,0.2689655172413793,0
0.5645161290322581,0.33780250242996784,0.28490486159841794,0.0,0.25517241379310346,1
0.06451612903225812,0.05193610965843323,0.4047775077856327,0.0,0.28965517241379307,3
0.6290322580645161,0.46774494949834444,0.226226998312388,0.0,0.43448275862068964,1
0.6451612903225806,0.7992335686447435,0.006303897745791116,0.0,0.7931034482758621,1
0.0,0.5367298211839423,0.05512285931347248,0.0,0.6517241379310346,3
0.7258064516129032,0.8419344560703489,0.3546942870564219,0.0,0.5413793103448277,1
0.9193548387096775,0.10950181289718044,0.0,0.0,0.40344827586206894,1
0.4193548387096775,0.20447490512034225,0.7266416521199537,0.0,0.06206896551724138,0
0.14516129032258068,0.07671304331459716,0.22547308229863192,0.0,0.4689655172413793,3
0.5967741935483871,0.11999335876005093,0.34517174786728755,0.0,0.5620689655172414,1
0.12903225806451613,0.021217013942570754,0.09708698450992559,0.0,0.41724137931034483,3
0.5645161290322581,0.39174106692729727,0.11513457400845545,0.0,0.35517241379310344,1
0.08064516129032262,0.025397365282985387,0.02036153172536579,0.0,0.21379310344827585,3
0.24193548387096775,0.3872985613783665,0.5596782518427448,0.0,0.07586206896551724,0
0.14516129032258068,0.0467743605117788,0.09598510725905134,0.0,0.2793103448275862,3
0.7580645161290323,0.4830823150770935,0.0,0.0,0.4724137931034483,1
0.6612903225806451,0.37129169428248393,0.07291527723811567,0.0,0.29310344827586204,1
0.33870967741935487,0.19407208837420029,0.20672957032586567,0.0,0.0,3
0.5645161290322581,0.17555660715990198,0.014701362268243319,0.0,0.603448275862069,1
0.09677419354838712,0.08956330486383443,0.10377943897049868,0.0,0.2689655172413793,3
0.19354838709677424,0.48635050420992776,0.8365974030493004,0.0,0.08275862068965517,0
0.0,0.02516545963699036,0.2572651406633301,0.0,0.6896551724137931,3
0.7580645161290323,0.7795323437796184,0.45647294891349105,0.0,0.27241379310344827,1
0.04838709677419356,0.06272207486317567,0.06898331525868018,0.0,0.506896551724138,3
0.7419354838709677,0.8026987095291039,0.065758874461385,0.0,0.017241379310344827,1
0.12903225806451613,0.028049828120945853,0.02674082107253252,0.0,0.4586206896551724,3
0.08064516129032262,0.07781812413203432,1.0,0.0,0.44482758620689655,0
0.8064516129032258,0.6067458327563701,0.8273648315577644,0.0,0.27586206896551724,0
0.25806451612903225,0.293733707788131,0.14084890943148934,0.0,0.13793103448275862,3
0.1774193548387097,0.4109294106101202,0.5667766610799556,0.0,0.17586206896551726,0
0.09677419354838712,0.07298574822172063,0.4122354769678658,0.0,0.16551724137931034,3
0.29032258064516125,0.017050106407721047,0.4805286691062616,0.0,0.6724137931034483,3
0.27419354838709675,0.046395245194847806,0.24851971490375968,0.0,0.1586206896551724,3
0.5483870967741935,0.3883673439207784,0.12254614835907279,0.0,0.44827586206896547,1
0.03225806451612906,0.029035259068855148,0.09605469950647498,0.0,0.5827586206896552,3
0.09677419354838712,0.05355272727761594,0.11772108587103397,0.0,0.08620689655172413,3
0.19354838709677424,0.6088907919342544,0.26512906462220104,0.0,0.32068965517241377,1
0.435483870967742,0.2884691135289048,0.35477547801174947,0.0,0.006896551724137931,1
0.6451612903225806,0.0866943967562786,1.0,0.0,0.0034482758620689655,0
0.3548387096774194,0.12822163995606567,0.30988847842350364,0.0,0.30344827586206896,3
0.19354838709677424,0.4205027445529061,0.3834474839502879,0.0,0.1724137931034483,3
0.7419354838709677,0.3971212779143818,0.42400816549036435,0.0,0.5310344827586208,1
0.935483870967742,0.5240126533097978,0.4321620571468338,0.0,0.11379310344827585,1
0.09677419354838712,0.10406715449755795,0.01526969895553635,0.0,0.48620689655172417,3
0.7903225806451613,0.1841250166367094,0.0356022339111423,0.0,0.4827586206896552,1
0.6290322580645161,0.21333370079735214,0.3857556268231719,0.0,0.4068965517241379,1
0.8870967741935485,0.4302226159763497,0.3515742346302622,0.0,0.24482758620689654,1
0.12903225806451613,0.01765642203869934,0.06715071940985774,0.0,0.22758620689655168,3
0.14516129032258068,0.6484774218007441,0.4332987305214199,0.0,0.30689655172413793,0
0.016129032258064557,0.08760521458330253,0.2337777571578526,0.0,0.1206896551724138,3
0.04838709677419356,0.04068028344919654,0.2131668532125521,0.0,0.4827586206896552,3
0.4193548387096775,0.33572409008962983,0.04673699349892421,0.0,0.22413793103448276,1
0.7580645161290323,0.1988701825803234,0.27012810772879897,0.0,0.06551724137931035,1
0.24193548387096775,0.520475588065665,0.14675265175459454,0.0,0.46551724137931033,1
0.16129032258064518,0.06845316917550485,1.0,0.0,0.2655172413793103,0
0.6451612903225806,0.3503939707220803,0.07920177692205088,0.5,0.8206896551724138,2
0.20967741935483875,0.4118335065343617,1.0,0.0,0.503448275862069,0
0.6774193548387097,0.45101883880473814,0.3685199468779178,0.0,0.30344827586206896,1
0.5967741935483871,0.09113690230520935,0.36713970063734896,0.0,0.4586206896551724,1
0.06451612903225812,0.047888851993111395,0.25604727633341645,0.0,0.017241379310344827,3
0.14516129032258068,0.09528767727338114,0.4659722906868175,0.0,0.41379310344827586,3
0.5161290322580645,0.6835187010057312,0.35169022170930153,0.0,0.4827586206896552,1
0.3870967741935484,0.03841836316289725,0.42688464505054136,0.0,0.5586206896551724,3
0.6935483870967742,0.39817527227067223,0.9331914424733085,0.0,0.5103448275862069,0
0.6129032258064516,0.13829239470475388,0.5320501296155609,0.0,0.13793103448275862,0
0.4032258064516129,0.3973014249089519,0.6108633498228297,0.0,0.2827586206896551,0
0.8870967741935485,0.421552705767527,0.07393596353366234,0.0,0.22758620689655168,1
0.6290322580645161,0.16591739856984797,0.03501069980804138,0.0,0.14482758620689656,1
0.6935483870967742,0.7047397480899714,0.361583919551362,0.0,0.15172413793103445,1
0.5483870967741935,0.04145666322057118,0.49843707410994414,0.0,0.5206896551724138,0
0.8709677419354838,0.2412087594459539,0.046203452935343,0.0,0.4827586206896552,1
0.16129032258064518,0.09483999854806902,0.16511340636653077,0.0,0.020689655172413793,3
0.7419354838709677,0.9604389133640839,0.09874559974018894,0.0,0.22413793103448276,1
0.29032258064516125,0.6519546621101129,0.9407538000266771,0.75,0.8793103448275862,2
0.903225806451613,0.4647147157240094,0.05325546734093821,0.0,0.29310344827586204,1
0.9838709677419355,0.22984605498247604,0.012938358666844514,0.0,0.3172413793103448,1
1.0,0.32346938912691897,0.18289422558327004,0.0,0.18620689655172412,1
0.32258064516129037,0.6086077998271128,0.18564311935650368,0.0,0.3275862068965517,1
0.4516129032258065,0.16578094394336396,0.08391085233105032,0.0,0.5655172413793104,3
0.5645161290322581,0.24724637252516343,0.6400920937407573,0.0,0.013793103448275862,0
0.8064516129032258,0.2740116450243803,0.1415680293215336,0.0,0.32413793103448274,1
0.16129032258064518,0.48286855856861116,0.5113580347149327,0.0,0.6310344827586207,0
0.7741935483870968,0.4321739843540991,0.09901237002197955,0.0,0.4689655172413793,1
0.4193548387096775,0.5239245963833475,0.3300470327605505,0.0,0.1413793103448276,1
0.5806451612903226,0.44902646682001573,0.2898343124575922,0.0,0.4206896551724138,1
0.1774193548387097,0.1338014914557894,0.3821600273729507,0.0,0.13793103448275862,3
0.3709677419354839,0.7398892499297561,0.45868830212314343,0.0,0.2689655172413793,1
0.27419354838709675,0.6041047971531399,0.11036750505993631,0.0,0.3482758620689655,1
0.5645161290322581,0.30722053353086765,0.34832659641715913,0.0,0.26206896551724135,1
0.30645161290322587,0.4996712989539375,0.2836753985606003,0.0,0.4551724137931034,1
0.1774193548387097,0.420245967866616,0.08850394066101036,0.0,0.46206896551724136,3
0.7258064516129032,0.9065339583806669,0.2853340137908637,0.0,0.37241379310344824,1
0.903225806451613,0.08402311259052724,0.05618994044063491,0.0,0.7586206896551725,1
0.16129032258064518,0.18122317120551953,0.27546351336461117,1.0,0.2586206896551724,2
0.04838709677419356,0.07538748408589517,0.31035863950833137,0.5,0.396551724137931,3
0.6290322580645161,0.24378929792414203,0.1854459413221367,0.0,0.27241379310344827,1
0.6290322580645161,0.40104149161711505,0.21273770102010636,0.0,0.4551724137931034,1
0.7258064516129032,0.28170889590058035,0.04061287572564416,0.0,0.4241379310344827,1
0.6129032258064516,0.2487487177970443,0.48691955716133223,0.0,0.4275862068965517,0
0.7419354838709677,0.42025134538884196,0.06805541862636502,0.0,0.5241379310344828,1
0.08064516129032262,0.07734221341503583,0.19339105623633526,0.0,0.013793103448275862,3
0.4193548387096775,0.7910644401932144,0.7101946843121676,0.0,0.3379310344827586,0
0.1774193548387097,0.6256868104167984,0.29267599589405735,0.0,0.5758620689655173,1
1.0,0.39674955669051154,0.4015646656962414,0.0,0.1275862068965517,1
0.5161290322580645,0.048167810958583676,0.6310798976993963,0.0,0.2827586206896551,0
1.0,0.2394603925322349,0.3896411939709916,0.25,0.1206896551724138,1
0.16129032258064518,0.01468063567690233,0.13489877227676839,0.0,0.5172413793103449,3
0.3548387096774194,0.02534022910933444,0.010108273938283275,0.0,0.02413793103448276,3
0.4193548387096775,0.8970755689754611,0.7569490758729476,0.75,0.4586206896551724,2
0.5645161290322581,0.5318073717763436,0.07444630668143568,0.0,0.16551724137931034,1
0.8064516129032258,0.27559599751020725,0.0,0.0,0.6482758620689656,1
0.0,0.5894866751721144,0.18889075756960674,0.0,0.031034482758620682,3
0.14516129032258068,0.054107956447447494,0.11501858692941605,0.0,0.3379310344827586,3
0.4516129032258065,0.6174148368526977,0.16884819031159928,0.0,0.9172413793103449,1
0.8387096774193548,0.14269456883698983,0.6108981459465415,0.0,0.18275862068965515,0
0.7903225806451613,0.9772322430855149,0.3496024542865925,0.0,0.020689655172413793,1
0.435483870967742,0.6474765304764352,0.30729036785302116,0.0,0.06551724137931035,1
0.1774193548387097,0.1784631579230396,0.009435548879854785,0.0,0.06206896551724138,3
0.29032258064516125,0.4405467864599368,0.6620484478029147,0.0,0.26206896551724135,0
0.5967741935483871,0.21057167094403748,0.4133257555108361,0.0,0.4586206896551724,1
0.03225806451612906,0.10589147891271879,0.31035863950833137,0.0,0.47586206896551725,3
0.5806451612903226,0.5558919494459137,0.4264090980264798,0.0,0.9482758620689655,1
0.7580645161290323,0.168745975260709,0.2680635377218978,0.0,0.4793103448275862,1
0.0,0.030303009933627934,0.03795677161564202,0.0,0.43448275862068964,3
0.6774193548387097,0.3976751627036568,0.0,0.0,0.3758620689655172,1
0.25806451612903225,0.48264673577678985,0.05211879396635215,0.0,0.16551724137931034,1
0.12903225806451613,0.4534743498911724,0.4548259323911316,0.0,0.7965517241379311,3
0.6451612903225806,0.868231211945628,0.5898464911008914,0.0,0.22758620689655168,1
0.12903225806451613,0.5039013923749425,0.10775779578154993,0.0,0.8172413793103449,3
0.7258064516129032,0.4859303852860237,0.06260402591151346,0.0,0.13448275862068965,1
0.5483870967741935,0.4443534000056464,0.12617654393300587,0.0,0.2379310344827586,1
0.5806451612903226,0.1443064811242248,0.35722280537948076,0.0,0.06896551724137931,1
0.8387096774193548,0.2301196364257223,0.027413546130961003,0.0,0.5275862068965518,1
0.6451612903225806,0.55330200030383,0.16428989810535105,0.0,0.12413793103448274,1
0.06451612903225812,0.1151616550400155,0.07564097359554145,0.0,0.2,3
0.30645161290322587,0.25445897421074776,0.20618443105438053,0.0,0.5724137931034483,3
0.9838709677419355,0.5034624521232475,0.0007829127835159155,0.0,0.5344827586206897,1
0.6290322580645161,0.09296794862315266,0.5312150226464771,0.0,0.703448275862069,0
0.7741935483870968,0.6240829644129023,0.02685680815157191,0.75,0.810344827586207,2
0.9838709677419355,0.2757102698575091,0.7210858710339667,0.0,0.489655172413793,0
0.7741935483870968,0.3167273206361071,0.1595228291568319,0.0,0.5655172413793104,1
0.0,0.6463398567159204,0.1978101639477362,0.0,0.44482758620689655,3
0.09677419354838712,0.12632942432280192,0.7284278531371606,0.0,0.15517241379310343,0
0.3709677419354839,0.679920466446278,0.24427458781091788,0.0,0.5448275862068966,1
0.06451612903225812,0.05670462749231352,0.3351388655303799,0.0,0.7310344827586207,3
0.3870967741935484,0.49526643606058857,0.2517441557010549,0.0,0.09310344827586207,1
0.8064516129032258,0.8932003920213704,0.9013065944453786,0.0,0.22758620689655168,0
0.5483870967741935,0.5629069271896935,0.24140970695864478,0.0,0.2862068965517241,1
0.08064516129032262,0.05985451113617635,0.23055331636055743,0.0,0.18275862068965515,3
0.7258064516129032,0.4606217491197669,0.1709707538580202,0.0,0.3482758620689655,1
0.25806451612903225,0.0852861581233523,0.20754147987914146,0.0,0.2793103448275862,3
0.4516129032258065,0.9914826769843395,0.00851925095544356,0.75,0.5689655172413793,2
0.25806451612903225,0.7665725152150271,0.24524887927484879,0.0,0.9206896551724139,1
0.12903225806451613,0.05465108619227062,0.28282869288361273,0.0,0.3103448275862069,3
0.29032258064516125,0.6624186481715753,0.050402185196569096,0.0,0.15517241379310343,1
0.7419354838709677,0.31132896051150993,0.040102532577870824,0.030405405405405428,0.4586206896551724,1
0.03225806451612906,0.028877966543745474,1.0,0.0,0.2793103448275862,0
0.8870967741935485,0.24915337634454862,0.11237408152731784,0.0,0.07241379310344827,1
0.04838709677419356,0.014720967093597121,0.0,0.0,0.41724137931034483,3
0.5967741935483871,0.8021024767522993,0.36313814641048986,0.0,0.013793103448275862,1
0.6935483870967742,0.4038720848788108,0.160276745170588,0.0,0.2482758620689655,1
0.03225806451612906,0.1069206022287141,0.25213851176978885,0.0,0.9896551724137931,3
0.0,0.1073098003998188,0.14584795253808727,0.0,0.36551724137931035,3
0.5967741935483871,0.5551115365328695,0.2238260657762725,0.0,0.39999999999999997,1
0.12903225806451613,0.1027019360424394,1.0,0.0,0.46206896551724136,0
0.3870967741935484,0.40323552068531143,0.28426693266370123,0.0,0.5241379310344828,1
0.435483870967742,0.9256584439870564,0.09946471963023319,0.030405405405405428,0.3275862068965517,1
0.22580645161290325,0.6717856196989395,0.09586912018001194,0.0,0.36896551724137927,1
0.04838709677419356,0.09435803811856631,0.08272778412484848,0.0,0.8344827586206897,3
0.22580645161290325,0.8792826923102778,0.07809989967117663,0.0,0.5103448275862069,1
0.4516129032258065,0.2842551526745779,0.2917017044301265,0.0,0.10344827586206896,1
0.1774193548387097,0.05404409837101408,0.9905238556424814,0.0,0.09999999999999999,0
0.32258064516129037,0.4618787449400877,0.1603695348338195,0.0,0.37732047954517367,1
0.967741935483871,0.23206966042291527,0.17218861818793385,0.0,0.3448275862068965,1
0.8225806451612903,0.40757585331194873,0.8606995180736865,0.0,0.27586206896551724,0
0.16129032258064518,0.640253845936677,0.1017264676715014,0.0,0.6137931034482759,1
0.5967741935483871,0.4209853771726871,0.6586500263870605,0.0,0.44482758620689655,0
0.9516129032258065,0.2857198552908769,0.21806150794801457,0.0,0.5137931034482759,1
0.6129032258064516,0.38128313057833907,0.0434429604542054,0.0,0.5344827586206897,1
0.19354838709677424,0.6154433027666009,1.0,0.0,0.8689655172413794,0
0.8064516129032258,0.4190656017380152,0.04279343281158479,0.0,0.013793103448275862,1
0.5,0.3564315838012898,0.12075994734186613,0.0,0.3275862068965517,1
0.20967741935483875,0.5400417026848625,0.23747774497920932,0.0,0.06206896551724138,3
0.435483870967742,0.6518235850058549,0.11941449722500913,0.0,0.2655172413793103,1
0.04838709677419356,0.002431312236417387,0.19400578775524405,0.0,0.2206896551724138,3
0.6774193548387097,0.46476647437543445,0.9775680989137809,0.0,0.7482758620689656,0
0.3709677419354839,0.15160982849737242,0.0,0.0,0.4068965517241379,3
0.9193548387096775,0.28186215528402053,0.05255954486670185,0.0,0.5310344827586208,1
0.5,0.6150628430691133,0.1009377555340335,0.0,0.4827586206896552,1
0.5967741935483871,0.5002097233668129,0.0,0.0,0.6413793103448276,1
0.12903225806451613,0.6573657938499967,0.4745321371199248,0.0,0.5586206896551724,0
0.5483870967741935,0.40922876920615675,0.052083997842640326,0.0,0.7862068965517242,1
0.532258064516129,0.8361327817788038,0.05585357791142066,0.0,0.09310344827586207,1
0.5645161290322581,0.30146792912963455,0.5880138952520688,0.0,0.2517241379310345,0
0.7580645161290323,0.09532531992896295,0.03967338038542506,0.0,0.5310344827586208,1
0.016129032258064557,0.09047748364224958,0.10905685106679117,0.0,0.29310344827586204,3
0.08064516129032262,0.06924702589411391,0.0445564364129836,0.0,0.08275862068965517,3
0.8064516129032258,0.6841216556853182,0.07388956870204659,0.0,0.3620689655172414,1
0.19354838709677424,0.029166336173113195,0.0008525050309395529,0.0,0.4689655172413793,3
0.0,0.05099302669805347,1.0,0.75,0.17931034482758618,2
0.1774193548387097,0.9269651818879675,0.060968608097057994,0.0,0.506896551724138,1
0.03225806451612906,0.09709923007325531,0.31035863950833137,0.0,0.9310344827586207,3
0.0,0.06355491861792302,0.7276159435838847,0.0,0.3275862068965517,0
0.3870967741935484,0.1841263610172659,0.3622102497781747,0.0,0.07241379310344827,3
0.8225806451612903,0.4110793090421692,0.06567768350605743,0.0,0.11724137931034483,1
0.532258064516129,0.6749240761080721,0.3928540360603828,0.0,0.9275862068965518,1
0.06451612903225812,0.08757362164022495,0.9021764975381743,0.0,0.8344827586206897,0
0.14516129032258068,0.5172194983578392,0.01526969895553635,0.0,0.20344827586206898,3
0.30645161290322587,0.2544509079274088,0.7398989752541567,0.0,0.3103448275862069,0
0.04838709677419356,0.09808600540172109,0.40638972818428026,0.0,0.2827586206896551,3
0.24193548387096775,0.9051263919380188,0.12156025818723792,0.75,0.5241379310344828,2
0.8709677419354838,0.3124535348470162,0.252486473006907,0.0,0.4551724137931034,1
0.0,0.06339292076086563,0.5286517081997064,0.0,0.4413793103448276,3
0.8870967741935485,0.12845488998261717,0.2288947011302941,0.0,0.3103448275862069,1
0.4838709677419355,0.16038123943821025,0.2762290280862712,0.0,0.12413793103448274,1
0.30645161290322587,1.0,0.6514704261945219,0.0,0.18275862068965515,0
0.14516129032258068,0.12558060435283538,0.17885787523269905,0.0,0.8793103448275862,3
0.967741935483871,0.463807931038655,0.3731014364999739,0.75,0.33448275862068966,2
0.7419354838709677,0.162938923446938,0.364843156472369,0.0,0.35517241379310344,1
0.27419354838709675,0.49450954980728307,0.13486397615305656,0.0,0.1275862068965517,1
0.4516129032258065,0.33691441293630026,0.761669749989851,0.0,0.37241379310344824,0
0.0,0.10680969083280344,0.0672551077809932,0.0,0.19310344827586207,3
0.16129032258064518,0.20257596758429605,0.21008159691010422,0.0,0.43103448275862066,3
0.8387096774193548,0.22622496595356242,0.0059095416770571715,0.0,0.5862068965517242,1
0.7096774193548387,0.6615017806320471,0.234659258958552,0.0,0.37732047954517367,1
0.1774193548387097,0.6513853169444381,0.6657136395005596,0.5,0.44827586206896547,2
0.4193548387096775,0.451896719308128,0.7907593094129315,0.0,0.493103448275862,0
0.32258064516129037,0.5701612046725291,0.33254075495989743,0.5,0.2689655172413793,2
0.03225806451612906,0.09325967920391162,0.15303915143852975,0.0,0.08620689655172413,3
0.016129032258064557,0.36853705852223,0.00719699825439446,0.0,0.1586206896551724,3
0.11290322580645162,0.0844250823769186,0.0,0.0,0.44482758620689655,3
0.7580645161290323,0.7025719344426267,0.8595164498674848,0.0,0.6655172413793103,0
0.11290322580645162,0.1020620108975488,0.026392859835414333,0.0,0.46551724137931033,3
0.5,0.6301212496823901,0.07011998863326625,0.75,0.3793103448275862,2
0.20967741935483875,0.5750540777078851,0.01902768031641275,0.0,0.0,1
0.7096774193548387,0.0071581542730463806,1.0,0.0,0.5103448275862069,0
0.06451612903225812,0.05701047406891564,0.005318007573956261,0.0,0.16896551724137931,3
0.08064516129032262,0.12738879620131832,0.7493403234879634,0.0,0.7206896551724138,0
0.5967741935483871,0.5871756849955031,0.31631416260228606,0.0,0.3448275862068965,1
0.19354838709677424,0.9564743351029864,0.022031745663533074,0.0,0.3275862068965517,1
0.4516129032258065,0.35405404678713215,0.23043732928151803,0.0,0.05517241379310345,1
0.6290322580645161,0.5723565781212819,0.010815795120423584,0.0,0.19310344827586207,1
0.3709677419354839,0.39022863880124276,0.6977840668549522,0.0,0.10344827586206896,0
0.7258064516129032,0.5217776206346284,0.4991329965841805,0.0,0.23103448275862065,1
0.24193548387096775,0.1447534876592587,0.41971664356590677,0.0,0.6689655172413793,3
0.19354838709677424,0.46258723349335945,0.0,0.0,0.11379310344827585,3
0.29032258064516125,0.6450674005191999,0.3008762823821426,0.0,0.19655172413793104,1
0.967741935483871,0.39042626274304726,0.18987664774144158,0.0,0.24482758620689654,1
0.4193548387096775,0.5207034605699905,0.01888849582156548,0.0,0.1206896551724138,1
0.9838709677419355,0.298607759495696,0.299090081364936,0.0,0.34137931034482755,1
0.016129032258064557,0.08106480317596464,0.41685176271363367,0.0,0.07586206896551724,3
0.08064516129032262,0.11552665436110332,0.43254481450766386,0.0,0.49999999999999994,3
0.11290322580645162,0.03202448923621708,0.5530089947979795,0.0,0.09655172413793102,3
0.6290322580645161,0.5176611273706472,0.1540250416103646,0.0,0.05172413793103449,1
0.7096774193548387,0.16773567327250463,0.31035863950833137,1.0,0.1275862068965517,2
0.5161290322580645,0.1549438922774748,0.43565326822591965,0.0,0.32068965517241377,0
0.3709677419354839,0.020246371180782888,0.19710264276559591,0.0,0.14827586206896554,3
0.14516129032258068,0.07644013406162911,0.35541340694646617,0.0,0.16206896551724137,3
0.0,0.04672394624091031,0.004888855381510498,0.0,0.041379310344827586,3
0.467741935483871,0.5234688513746965,0.3068496169526715,0.5,0.4103448275862069,2
0.6935483870967742,0.30636012997471224,0.21221575916442909,0.0,0.8931034482758621,1
0.7258064516129032,0.3299136773244676,0.10227160694298655,0.0,0.3379310344827586,1
0.5483870967741935,0.1156899965987172,0.39149698723562193,1.0,0.34137931034482755,2
0.33870967741935487,0.35257791693610296,0.04616865681163118,0.0,0.2,1
0.20967741935483875,0.7127704053441818,0.0,0.0,0.5793103448275863,1
0.24193548387096775,0.15685492923852942,0.09220392848236705,0.0,0.1413793103448276,3
0.14516129032258068,0.43469335351696675,0.5347178324334669,0.0,0.9241379310344828,0
0.5483870967741935,0.18083262865385832,0.0,0.0,0.18275862068965515,1
0.6290322580645161,0.03748536305669119,0.006211108082559601,0.0,0.30689655172413793,1
0.16129032258064518,0.0837300376292118,0.30414711801105354,0.0,0.05517241379310345,3
0.8870967741935485,0.19633804180216904,0.43152412821211716,0.0,0.10344827586206896,1
0.14516129032258068,0.09957154591664573,0.23120284400317803,0.0,0.7103448275862069,3
0.7741935483870968,0.9608711317129963,0.2068223599890972,0.0,0.5206896551724138,1
0.03225806451612906,0.1102291227782431,0.02510540325807705,0.0,0.34137931034482755,3
0.7419354838709677,0.06455984308390146,0.004100143244042613,0.0,0.38620689655172413,1
0.3709677419354839,0.47666357011011823,0.07573376325877296,0.0,0.32068965517241377,1
0.6451612903225806,0.6602387350992222,0.3462040328707382,0.0,0.7517241379310345,1
0.6451612903225806,0.726897156231809,0.522620380089658,0.0,0.0034482758620689655,1
0.06451612903225812,0.04155950833314288,0.44185857695452724,0.0,0.3103448275862069,3
0.5967741935483871,0.4723864233696361,0.5293940255055587,0.0,0.2655172413793103,0
0.6612903225806451,0.6000803939572783,0.05926359803517889,0.0,0.013793103448275862,1
0.9838709677419355,0.3062290528704541,0.10046220850997199,0.0,0.3758620689655172,1
0.27419354838709675,0.46309809810482677,0.5150232264125776,0.5,0.4689655172413793,2
0.7741935483870968,0.4211393087464055,0.5073680791959776,0.0,0.4724137931034483,1
0.12903225806451613,0.08613244568366457,0.29126095352977677,0.0,0.5517241379310345,3
0.7741935483870968,0.9577945168094625,0.11042549859945602,0.0,0.11379310344827585,1
0.8064516129032258,0.8664210035263104,0.12191981813226005,0.0,0.5103448275862069,1
0.532258064516129,0.3182592422802307,0.2287555166354468,0.0,0.28965517241379307,1
0.6774193548387097,0.13802284640317705,0.19929479855944046,0.0,0.5862068965517242,1
0.25806451612903225,0.9902767676251654,0.5286981030313223,0.0,0.45172413793103444,0
0.6290322580645161,0.33340973896162734,0.07856384798733422,0.0,0.1275862068965517,1
0.8709677419354838,0.4788555826074799,0.2274332639343977,0.0,0.3275862068965517,1
0.9838709677419355,0.16847306600774095,0.09639106203568922,0.0,0.6620689655172414,1
0.6774193548387097,0.7688324189304916,0.9548926249615792,0.0,0.26206896551724135,0
0.935483870967742,0.18374926227116967,0.016070009800908176,0.5,0.11379310344827585,2
0.32258064516129037,0.5190303789674351,0.0,0.0,0.09655172413793102,1
0.6451612903225806,0.5043880581363929,0.039708176509136876,0.0,0.18620689655172412,1
0.6290322580645161,0.09270445003408007,0.13894672133524325,0.0,0.8931034482758621,1
0.8064516129032258,0.9138467164177099,0.40882545684410754,0.0,0.08275862068965517,1
0.7419354838709677,0.8230062500252072,0.0021979551477965334,0.0,0.43103448275862066,1
0.20967741935483875,0.5733608303969822,0.12960976147257194,0.0,0.1275862068965517,1
0.435483870967742,0.14125204849987297,0.0007829127835159155,0.0,0.13103448275862067,3
0.4193548387096775,0.9618027874386459,0.34919649950995457,0.0,0.24137931034482757,1
0.9838709677419355,0.32218080036352054,0.5342074892856936,0.0,0.3620689655172414,1
0.09677419354838712,0.596929165932859,0.16299084282010984,0.0,0.5172413793103449,3
0.25806451612903225,0.248087954753528,0.045310352426739656,0.0,0.8655172413793104,3
0.14516129032258068,0.03958595767621133,0.0,0.0,0.09655172413793102,3
0.8387096774193548,0.44874549128370866,0.3916013756067574,0.0,0.46551724137931033,1
0.935483870967742,0.3594954270895371,0.32603387982578735,0.0,0.5793103448275863,1
0.29032258064516125,0.9194702602855196,0.7328005660169457,0.0,0.38275862068965516,0
0.5,0.6417635853016186,0.06841497857138715,0.0,0.5793103448275863,1
0.16129032258064518,0.06237253591848753,0.299090081364936,0.0,0.08620689655172413,3
0.532258064516129,0.2389885149569059,0.23167839102723958,0.0,0.19310344827586207,1
0.3709677419354839,0.4442680318403091,1.0,0.0,0.8206896551724138,0
0.12903225806451613,0.11275991917584095,0.46921992889992054,0.0,0.15517241379310343,3
0.08064516129032262,0.34213678534410097,0.7797869317358046,0.0,0.041379310344827586,0
0.5967741935483871,0.9912601820022399,0.3121502264647718,0.0,0.4827586206896552,1
0.7258064516129032,0.34531221221853714,0.22906868174885317,0.0,0.017241379310344827,1
0.532258064516129,0.6814375999042802,0.5185260361995674,0.0,0.5137931034482759,1
0.8870967741935485,0.49676004285885217,0.15539368914302945,0.0,0.5724137931034483,1
0.532258064516129,0.13545373515971915,0.31035863950833137,0.0,0.41724137931034483,1
0.6451612903225806,0.05853365723942208,0.34042787633457633,0.0,0.4724137931034483,1
0.12903225806451613,0.4254702307091473,0.4187423521019758,0.0,0.21034482758620687,3
0.8064516129032258,0.9395015305772636,0.07097829301815778,0.0,0.506896551724138,1
0.7419354838709677,0.2614383258697806,0.15178649098490427,0.0,0.903448275862069,1
0.06451612903225812,0.057835251540324026,0.1282179165240992,0.0,0.4689655172413793,3
0.09677419354838712,0.04046652694071416,0.09891958035874804,0.0,0.12413793103448274,3
0.6451612903225806,0.07094430634668618,0.19591957455939407,0.0,0.8896551724137931,1
0.4516129032258065,0.08437466810605013,0.5046539815464557,0.0,0.5689655172413793,0
0.11290322580645162,0.08091893788558516,0.5804167415749886,0.0,0.28965517241379307,3
0.11290322580645162,0.010803442151976848,1.0,0.0,0.06551724137931035,0
0.43029748107928134,0.631827940798858,0.39161297431466136,0.0,0.5275862068965518,1
0.11290322580645162,0.07455127937975659,0.05873005747159765,0.0,0.44827586206896547,3
0.20967741935483875,0.015888561606911194,0.09243590264044585,0.0,0.5482758620689655,3
0.14516129032258068,0.33691441293630026,0.03230820086642348,0.0,0.26206896551724135,3
0.5806451612903226,0.41825023493050223,0.09508040804254406,0.0,0.5344827586206897,1
0.3870967741935484,0.4742100755945187,0.6977840668549522,0.0,0.4068965517241379,0
0.7096774193548387,0.5239649278000423,1.0,0.0,0.3172413793103448,0
0.06451612903225812,0.03293597925351925,0.10604118701176689,0.0,0.4103448275862069,3
0.7096774193548387,0.16682552763575895,0.023794749264931886,0.0,0.20344827586206898,1
0.4032258064516129,0.008950885745129644,0.6490230988267907,0.0,0.4103448275862069,0
0.30645161290322587,0.3115171737894189,0.07983970585676756,0.0,0.2068965517241379,3
0.8225806451612903,0.33691441293630026,0.9467387333051098,0.0,0.26206896551724135,0
0.06451612903225812,0.04804547232794282,0.1909089327448922,1.0,0.09655172413793102,2
0.5483870967741935,0.49015174023341135,0.0,0.0,0.25517241379310346,1
0.6129032258064516,0.9013305334367612,0.10815215185028387,0.0,0.058620689655172406,1
0.9838709677419355,0.293400973600399,0.24824134591406516,0.0,0.393103448275862,1
0.5806451612903226,0.49560992529277254,0.40115871091960353,0.0,0.3482758620689655,1
0.8064516129032258,0.47889389745333993,0.06406546310740983,0.25,0.15517241379310343,1
0.4516129032258065,0.4809010576241838,0.12340445274396433,0.0,0.30344827586206896,1
0.7580645161290323,0.7606948834220402,0.7266300534120498,0.0,0.4068965517241379,0
0.11290322580645162,0.06313076655234952,0.05428775234438883,0.0,0.07241379310344827,3
0.8225806451612903,0.39913247122689516,0.18459923564514913,0.0,0.20344827586206898,1
0.22580645161290325,0.22836521979949911,0.17623656724640874,0.0,0.0034482758620689655,3
0.7903225806451613,0.4387722041253662,0.0,0.0,0.21724137931034482,1
0.7096774193548387,0.6758765697323473,0.42453010734604163,0.0,0.4724137931034483,1
0.0,0.028274339673880166,0.0,0.5,0.034482758620689655,3
0.16129032258064518,0.6092578078261771,0.057141034488757944,0.0,0.15172413793103445,3
0.14516129032258068,0.4438815224303174,0.07772874101825056,0.75,0.9689655172413792,2
0.9516129032258065,0.42232370801667574,0.8281999385268481,0.0,0.2862068965517241,0
0.7096774193548387,0.40293774039204827,0.08032685158873301,0.0,0.058620689655172406,1
0.0,0.06100193994114303,0.8241519894683733,0.0,0.9206896551724139,0
0.435483870967742,0.28769676689919965,0.13262542552759624,0.0,0.18275862068965515,1
0.03225806451612906,0.086144545108673,0.06036547528605313,0.0,0.1275862068965517,3
0.12903225806451613,0.4893128467661598,0.057071442241334314,0.0,0.21379310344827585,3
0.7258064516129032,0.1264000043020178,0.20363271531551386,0.0,0.1413793103448276,1
0.33870967741935487,0.4661955509069864,0.2282915683192892,0.0,0.38620689655172413,1
0.19354838709677424,0.2424301291815277,0.08388765491524243,0.0,0.4413793103448276,3
0.3870967741935484,0.13033164523948126,0.03794517290773808,0.0,0.1413793103448276,3
0.14516129032258068,0.33691441293630026,0.3166969199631161,0.0,0.6758620689655173,3
0.12903225806451613,0.16912172962624877,0.4338322710850011,0.0,0.13448275862068965,3
0.30645161290322587,0.5903275852102007,0.03738843492834898,0.0,0.8,1
0.7258064516129032,0.10482202418002871,0.36857794041743747,0.0,0.43103448275862066,1
0.7903225806451613,0.1284118698048094,1.0,0.0,0.2379310344827586,0
0.9838709677419355,0.28290136145418954,0.0976785186130265,0.0,0.1413793103448276,1
0.20967741935483875,0.01755424911640588,0.033038919464371666,0.0,0.5310344827586208,3
0.5483870967741935,0.04943556182335647,1.0,0.0,0.10344827586206896,0
0.16129032258064518,0.12178810680296895,0.076684857306896,0.0,0.03793103448275863,3
0.016129032258064557,0.03106930685082888,1.0,0.0,0.4827586206896552,0
0.22580645161290325,0.40546315926742016,0.5003276634982863,0.0,0.1896551724137931,0
0.11290322580645162,0.06500281647726586,0.6660036071981581,0.0,0.13103448275862067,0
0.8548387096774193,0.13016964738242384,0.2049201718928511,0.0,0.506896551724138,1
0.12903225806451613,0.008102581613982633,0.15073100856564578,0.0,0.8931034482758621,3
0.09677419354838712,0.06898621606615428,0.13917869549332204,0.5,0.18275862068965515,3
0.6129032258064516,0.13177349338631988,0.0,0.0,0.18620689655172412,1
0.532258064516129,0.33691441293630026,0.10007945114914199,0.0,0.23448275862068962,1
0.29032258064516125,0.14379763308359225,0.0,0.0,0.906896551724138,3
0.903225806451613,0.43545292853138523,0.07350681134121659,0.0,0.21379310344827585,1
0.6451612903225806,0.11932049629152625,0.43021347421897205,0.0,0.4379310344827586,1
0.08064516129032262,0.10508619495937956,0.04078685634420325,0.0,0.2482758620689655,3
0.5806451612903226,0.45768965512605586,0.27836319034059603,0.0,0.08620689655172413,1
0.25806451612903225,0.08191310730711164,0.0,0.0,0.9931034482758622,3
0.7258064516129032,0.4029276575378746,0.2524516768831952,0.0,0.0034482758620689655,1
0.5967741935483871,0.15592192913232336,0.18594468576200612,0.0,0.39999999999999997,1
0.04838709677419356,0.01732973756347157,0.12361322948623521,0.0,0.493103448275862,3
0.9193548387096775,0.20350291797799788,0.08160270945816635,0.0,0.396551724137931,1
0.5806451612903226,0.5032171026716875,0.006396687409022633,0.0,0.21034482758620687,1
0.12903225806451613,0.012727250728318165,0.07726479270209298,0.0,0.12413793103448274,3
0.467741935483871,0.5113156511440007,0.5048859557045344,0.0,0.37732047954517367,0
0.7258064516129032,0.311503729983854,0.32866678651998166,0.0,0.14827586206896554,1
0.0,0.4076013965425221,0.6117332529156252,0.0,0.38620689655172413,0
0.04838709677419356,0.1032820362525661,0.38357506973723127,0.0,0.36551724137931035,3
0.09677419354838712,0.03255215860464053,0.03644893958812988,0.0,0.19310344827586207,3
0.6451612903225806,0.36167265140077737,0.056677086172600366,0.0,0.7793103448275862,1
0.16129032258064518,0.1264826837062421,0.38816815806719135,0.0,0.13103448275862067,3
0.7580645161290323,0.3808435181363659,0.0,0.0,0.5655172413793104,1
0.12903225806451613,0.47307810716595167,0.007521762075704763,0.0,0.11034482758620691,3
0.7096774193548387,0.311312827944832,0.8711615526030401,0.0,0.09655172413793102,0
0.27419354838709675,0.14733604270828154,0.17562183572749995,0.0,0.32068965517241377,3
0.19354838709677424,0.18615772003812667,0.03200663446092105,0.0,0.6965517241379311,3
0.6129032258064516,0.45600783504988324,0.43498054316749113,0.0,0.3275862068965517,1
0.4193548387096775,0.36293636912388066,0.434620983222469,0.0,0.08275862068965517,1
0.33870967741935487,0.3702551768734279,0.5707782153068148,0.0,0.41724137931034483,0
0.7580645161290323,0.07580155329729499,0.02401512471510673,0.0,0.3379310344827586,1
0.14516129032258068,0.0061424747626160035,0.3668381342318465,0.0,0.3137931034482758,3
0.22580645161290325,0.4361862881249521,0.4013558889539705,0.0,0.07241379310344827,3
0.19354838709677424,0.8996426636480843,0.030765572715199523,0.0,0.24137931034482757,1
0.5645161290322581,0.4282692310277655,0.1232884656649249,0.0,0.6137931034482759,1
0.16129032258064518,0.16604040939076709,0.26979174519958476,0.0,0.35517241379310344,3
0.5806451612903226,0.03864085814499682,0.5163686765294346,0.0,0.5551724137931034,0
0.6129032258064516,0.8234969489283273,0.05302349318285943,0.0,0.13448275862068965,1
0.1774193548387097,0.5823943955463361,0.2932907274129662,0.0,0.47586206896551725,3
0.09677419354838712,0.10013148041842503,0.33394419861627417,1.0,0.23103448275862065,2
0.5806451612903226,0.488983473529819,0.23541317497230807,0.0,0.2,1
0.03225806451612906,0.11722527919423209,0.12652450517012404,0.0,0.07241379310344827,3
0.5645161290322581,0.08612505159060387,0.03658812408297715,0.0,0.3620689655172414,1
0.903225806451613,0.4979404089874529,0.6689728764215668,0.0,0.8206896551724138,0
0.06451612903225812,0.2554706205795087,0.4134301438819715,0.0,0.6931034482758621,3
0.22580645161290325,0.3153083269587289,0.0,0.0,0.034482758620689655,3
0.3870967741935484,0.45616647195554944,0.14947834811202032,0.0,0.2206896551724138,1
0.16129032258064518,0.5742024126253468,0.34854697186733397,0.0,0.8655172413793104,3
0.06451612903225812,0.05283886120211821,0.0,0.0,0.44827586206896547,3
0.11290322580645162,0.47546976017595255,0.4699738449136766,0.0,0.19310344827586207,3
0.4838709677419355,0.1733350182902975,0.1967778789442856,0.0,0.6344827586206897,1
0.6774193548387097,0.283248883828043,1.0,0.0,0.4413793103448276,0
0.435483870967742,0.5883466404602085,0.0118480801238742,0.0,0.5758620689655173,1
0.6935483870967742,0.06637005150321912,0.32589469533094007,0.0,0.48620689655172417,1
0.5645161290322581,0.09014340507396111,0.37767132741412607,1.0,0.296551724137931,2
0.5483870967741935,0.24849799082325838,0.09680861552023104,0.0,0.40344827586206894,1
0.16129032258064518,0.6621363282547118,1.0,0.0,0.020689655172413793,0
0.5483870967741935,0.6363416985172828,0.143400625170356,0.0,0.5862068965517242,1
0.30645161290322587,0.33691441293630026,0.030927954625854674,0.0,0.4586206896551724,3
0.20967741935483875,0.6405133113840802,0.11211890995343118,0.0,0.02413793103448276,1
0.016129032258064557,0.08110715116349415,0.6412055696995353,0.0,0.3275862068965517,3
0.16129032258064518,0.12201665149757274,0.20062864996839352,0.0,0.13793103448275862,3
0.03225806451612906,0.33691441293630026,0.21312045838093638,0.0,0.5275862068965518,3
0.8064516129032258,0.7185411588829274,0.20068664350791324,0.0,0.7862068965517242,1
0.20967741935483875,0.6638712513628658,1.0,0.0,0.43103448275862066,0
0.27419354838709675,0.9721061200236075,0.45644975149768313,0.0,0.13793103448275862,1
0.16129032258064518,0.03447596718098185,0.38656753637644764,0.0,0.37732047954517367,3
0.09677419354838712,0.03378025024299679,0.3097956887602721,0.0,0.5862068965517242,3
0.532258064516129,0.14088234384683743,0.15746985785783463,0.0,0.3275862068965517,1
0.30645161290322587,0.597788225108458,0.4900860044191077,0.0,0.32068965517241377,0
0.9838709677419355,0.20994855055610304,0.6663631671431802,0.0,0.2862068965517241,0
0.7258064516129032,0.2846826656915426,0.05530843863993551,0.0,0.07241379310344827,1
0.6612903225806451,0.04702508748556472,0.07071152273636716,0.0,0.4206896551724138,1
0.467741935483871,0.5861895818573156,0.5626475210661532,0.0,0.6827586206896552,0
0.7419354838709677,0.20649147595508158,1.0,0.25,0.22413793103448276,0
0.935483870967742,0.2150061102096293,0.0,0.0,0.3172413793103448,1
0.04838709677419356,0.021522860519172887,0.18273184367261486,0.0,0.5172413793103449,3
0.5645161290322581,0.06278055541738312,0.15466297054508127,0.0,0.3896551724137931,1
0.5645161290322581,0.6468648373232309,0.43165171399906044,0.0,0.7827586206896552,1
0.6935483870967742,0.5249167492340393,0.5431036982480151,0.5,0.7586206896551725,2
0.7580645161290323,0.3993106016506304,0.12756838888147862,0.0,0.5413793103448277,1
0.5161290322580645,0.5602618584447938,0.04173795039232629,0.0,0.07241379310344827,1
0.7096774193548387,0.47213972953751965,0.4333799214767475,0.0,0.7103448275862069,1
0.016129032258064557,0.00926748736618372,0.16823345879269047,0.030405405405405428,0.32413793103448274,3
0.7903225806451613,0.28748838791294334,0.34067144920055903,0.0,0.4379310344827586,1
0.3709677419354839,0.33691441293630026,0.9540111231608799,0.0,0.906896551724138,0
0.04838709677419356,0.040363681828142456,0.21631010305451973,0.25,0.08275862068965517,3
0.3709677419354839,0.727412726175224,0.8213335034477158,0.0,0.4275862068965517,0
0.09677419354838712,0.03634868929617645,0.12633892584366102,0.0,0.23448275862068962,3
0.5483870967741935,0.5113156511440007,0.5466065080350049,0.0,0.5310344827586208,0
0.4516129032258065,0.884994965294816,0.718951708779642,0.0,0.23448275862068962,0
0.7096774193548387,0.23398338614508288,0.21990570250474098,0.0,0.46206896551724136,1
0.11290322580645162,0.05516396737457266,0.0270887823096507,0.0,0.4206896551724138,3
0.27419354838709675,0.38229343256654347,0.27598545522028844,0.0,0.18275862068965515,3
0.29032258064516125,0.29671688824298875,0.4880098357043025,0.0,0.7000000000000001,0
0.935483870967742,0.5008247774714085,0.24203603718545752,0.0,0.18275862068965515,1
0.7580645161290323,0.9671769487132263,0.8544014196818475,0.0,0.3620689655172414,0
0.20967741935483875,0.9336891012412667,0.07242813150615021,0.0,0.10689655172413794,1
0.5645161290322581,0.0056880741345214075,0.039371813979922635,0.0,0.2655172413793103,3
0.0,0.04202130305429819,0.13496836452419197,0.0,0.5310344827586208,3
0.935483870967742,0.49455593093648204,0.0,0.030405405405405428,0.3275862068965517,1
0.6935483870967742,0.19927887426949722,0.07783312938938601,0.0,0.5758620689655173,1
0.4516129032258065,0.6236897331001282,0.1542222196447316,0.0,0.5724137931034483,1
0.6612903225806451,0.9138668821260574,0.0675218780627838,0.0,0.47586206896551725,1
0.7096774193548387,0.24483724256792824,0.9980862131958499,0.0,0.37241379310344824,0
0.3870967741935484,0.9573165895216292,0.6953715356109329,0.0,0.4241379310344827,0
0.29032258064516125,0.1869300666678318,0.7272099888072467,0.0,0.14482758620689656,0
0.9838709677419355,0.3717178629188922,0.0,0.0,0.1896551724137931,1
0.9516129032258065,0.30068281088464277,0.2956104689937541,0.0,0.4586206896551724,1
0.09677419354838712,0.07672178178821436,0.5607105368461953,0.0,0.4241379310344827,3
0.11290322580645162,0.01687600912565522,0.9574095445767341,0.0,0.9551724137931035,0
0.9516129032258065,0.20158784787527376,0.14239153758271328,0.0,0.14827586206896554,1
0.6774193548387097,0.30961016997003377,0.2498419676048088,0.0,0.2517241379310345,1
0.8709677419354838,0.5276176097720334,0.3201533349184901,0.0,0.07586206896551724,1
0.5806451612903226,0.5278622870333152,0.05558680762963006,0.0,0.8551724137931035,1
0.7903225806451613,0.39291941648506323,0.25419148306878614,0.0,0.2206896551724138,1
0.6290322580645161,0.4402483339763954,0.21535900900639668,0.0,0.23448275862068962,1
0.16129032258064518,0.07847283746304635,0.16847703165867323,0.0,0.010344827586206896,3
0.5645161290322581,0.5502744552906081,0.0027314957113777523,0.0,0.5448275862068966,1
0.25806451612903225,0.8635796552201626,0.5285473198285711,0.0,0.10689655172413794,0
0.5967741935483871,0.3122633049982725,0.3177640010902785,0.0,0.8137931034482759,1
0.14516129032258068,0.3518055703063978,0.03711006593865443,0.0,0.09655172413793102,3
0.5967741935483871,0.1118659061057732,0.39825903394361867,0.0,0.06896551724137931,1
0.016129032258064557,0.021916764022225303,0.019549622172090025,0.0,0.8448275862068966,3
0.7903225806451613,0.4156918787314963,0.0,0.0,0.44827586206896547,1
0.532258064516129,0.08774435797089955,0.018273764302656682,0.0,0.4793103448275862,1
0.16129032258064518,0.06546461119842117,0.23678182250497293,0.0,0.3172413793103448,3
0.9516129032258065,0.3937078956814464,0.5335115668114572,0.0,0.30689655172413793,1
0.08064516129032262,0.04642952689903837,0.14597553832503057,0.0,0.13448275862068965,3
0.14516129032258068,0.10924100306922083,0.09252869230367737,0.0,0.2793103448275862,3
0.4516129032258065,0.5976443763889132,0.04070566538887568,0.0,0.6517241379310346,1
0.6774193548387097,0.5186055547115834,1.0,1.0,0.32068965517241377,2
0.7096774193548387,0.5491942455134661,0.0402417170727181,0.0,0.603448275862069,1
0.06451612903225812,0.035973607120914936,0.19603556163843347,0.0,0.5137931034482759,3
0.3548387096774194,0.14713236905397287,0.32184674627246523,0.0,0.1206896551724138,3
0.22580645161290325,0.663266280112444,0.008496053539635683,0.0,0.37732047954517367,1
0.16129032258064518,0.004468048779504111,0.3122430161280033,0.0,0.2862068965517241,3
0.20967741935483875,0.5028285766908611,0.13155834440043376,0.0,0.5827586206896552,3
0.5161290322580645,0.2695570400504412,0.8431970678466418,0.0,0.5655172413793104,0
0.16129032258064518,0.10613145084205278,0.3268573880869671,0.0,0.296551724137931,3
0.7741935483870968,0.37735619497282336,0.25037550816839,0.0,0.006896551724137931,1
0.467741935483871,0.38963375040499465,0.32449125167456344,0.0,0.12413793103448274,1
0.5967741935483871,0.34537069277274457,0.33265674203893686,0.0,0.9137931034482759,1
0.6451612903225806,0.5167570314464057,0.0754205981453666,0.0,0.1586206896551724,1
0.9838709677419355,0.2552568640710263,0.8809740594897728,0.0,0.5103448275862069,0
0.12903225806451613,0.07486048690774996,0.18833401959021764,0.030405405405405428,0.43448275862068964,3
0.03225806451612906,0.05553770516927768,0.22716649365260708,0.0,0.5896551724137932,3
0.08064516129032262,0.05464301990893167,0.0013396507629050113,0.0,0.7206896551724138,3
0.08064516129032262,0.6448852369537952,0.12545742404296162,0.0,0.5586206896551724,3
0.7258064516129032,0.5744396957935678,0.025882516687640994,0.0,0.43103448275862066,1
0.5483870967741935,0.08004777928497776,0.2942998150006089,0.0,0.02413793103448276,1
0.04838709677419356,0.019566786809475732,0.6835872483805303,0.0,0.07931034482758621,3
0.6774193548387097,0.6571278384914976,0.31035863950833137,0.0,0.10344827586206896,1
0.6451612903225806,0.8038454661437924,0.015234902831824534,0.0,0.10689655172413794,1
0.6935483870967742,0.4397462078385453,0.7952596080796599,0.0,0.18620689655172412,0
0.6290322580645161,0.6588963711135639,0.9815812518485441,0.0,0.21379310344827585,0
0.06451612903225812,0.0033723786259624074,0.45805037318842684,0.0,0.1206896551724138,3
0.3709677419354839,0.18483014423858993,0.024258697581089464,0.0,0.2379310344827586,3
0.19354838709677424,0.7110711083207747,0.14096489651052874,0.0,0.29310344827586204,1
0.532258064516129,0.7092198962944839,0.1763641530333521,0.0,0.006896551724137931,1
0.09677419354838712,0.03145850502193358,0.48125938770420973,0.0,0.2862068965517241,3
0.09677419354838712,0.05737681777055996,0.0,0.0,0.034482758620689655,3
0.935483870967742,0.11628555718524355,0.726804034030609,0.030405405405405428,0.19310344827586207,0
0.16129032258064518,0.6166263576563146,0.18443685373449395,0.25,0.5482758620689655,3
0.29032258064516125,0.6240137288142431,0.3326103472073211,0.0,0.5689655172413793,1
0.7903225806451613,0.09293635568007508,1.0,0.0,0.14482758620689656,0
0.7741935483870968,0.12550531904167178,0.45322531070038796,0.0,0.25517241379310346,1
0.5645161290322581,0.27571900833112634,0.27865315803819457,0.0,0.5586206896551724,1
0.016129032258064557,0.05772030700274389,0.07528141365051932,0.0,0.3,3
0.06451612903225812,0.011453450151041156,0.09247069876415767,0.0,0.058620689655172406,3
0.3709677419354839,0.8382555586775061,0.42159563424634494,0.0,0.37241379310344824,1
0.06451612903225812,0.5730980039981879,1.0,0.0,0.1896551724137931,0
0.0,0.028447764765667755,0.14630030214634088,0.75,0.058620689655172406,2
0.16129032258064518,0.02158201326365857,0.9643107757795781,0.0,0.5689655172413793,0
0.7741935483870968,0.8644555191527178,0.3237489343687113,0.0,0.07241379310344827,1
0.8064516129032258,0.42215902139850536,0.0027894892508974513,0.0,0.7000000000000001,1
0.16129032258064518,0.0011245743355063013,0.6810471313495676,0.0,0.13103448275862067,0
0.6290322580645161,0.1084894943381413,0.044591232536695405,0.0,0.4724137931034483,1
0.1774193548387097,0.36960785763547666,0.4624578821919238,0.0,0.9103448275862069,3
0.6935483870967742,0.524509401925422,1.0,0.0,0.20344827586206898,0
0.5,0.09338000126371773,0.49175621835727495,0.0,0.2689655172413793,0
0.6129032258064516,0.0962220217601437,0.31035863950833137,0.0,0.9482758620689655,1
0.0,0.39489498371282955,0.06998080413841898,0.0,0.7206896551724138,3
0.016129032258064557,0.10570259344453155,0.6725568771638839,0.0,0.5241379310344828,0
0.935483870967742,0.21439307267586852,0.0,0.0,0.2068965517241379,1
0.12903225806451613,0.19693293019841712,0.27058045733705266,0.0,0.6448275862068966,3
0.03225806451612906,0.01805570306397773,0.47028701002708295,0.0,0.19655172413793104,3
0.6451612903225806,0.4348472850906852,0.20148695435328504,0.0,0.04827586206896552,1
0.935483870967742,0.1454438270750178,0.06626921760915834,0.0,0.7000000000000001,1
0.9193548387096775,0.33129704491709877,0.19958476625703894,0.0,0.6482758620689656,1
0.7096774193548387,0.8218527715077364,0.01677753098304849,0.0,0.38620689655172413,1
0.03225806451612906,0.02144286987606156,1.0,0.0,0.37241379310344824,0
0.3709677419354839,0.4300861613498656,1.0,0.0,0.4827586206896552,0
0.7096774193548387,0.3409174321793619,0.1788346778168912,0.0,0.4241379310344827,1
0.5806451612903226,0.5968948842286685,0.047050158612330584,0.0,0.38275862068965516,1
0.25806451612903225,0.525232678664815,0.043013808261759635,0.0,0.2068965517241379,1
0.14516129032258068,0.02686005132844965,0.6624891987032644,0.0,0.46206896551724136,0
0.4032258064516129,0.9197680405787828,0.31035863950833137,0.0,0.22413793103448276,1
0.7096774193548387,0.49013023014450746,0.00604872617190445,0.0,0.3586206896551724,1
0.12903225806451613,0.06947355401788295,1.0,0.0,0.46206896551724136,0
0.25806451612903225,0.9857105790650372,0.06955165194597321,0.0,0.6172413793103448,1
0.14516129032258068,0.33691441293630026,0.17877668427737148,1.0,0.503448275862069,2
0.8064516129032258,0.35350083418813527,0.16174978107438828,0.0,0.017241379310344827,1
0.8709677419354838,0.3883169296499099,0.1381348117819675,0.0,0.13793103448275862,1
0.6129032258064516,0.3890812099962761,0.027169973264978275,0.0,0.09655172413793102,1
0.24193548387096775,0.2877169326075471,0.5052687130653646,0.0,0.017241379310344827,0
0.43029748107928134,0.5631079120828891,0.0035434052646535173,0.0,0.5172413793103449,1
0.12903225806451613,0.005661186523391549,0.3931324050500774,0.0,0.07931034482758621,3
0.4032258064516129,0.1574464566833863,0.47744341280381364,0.0,0.7793103448275862,0
0.08064516129032262,0.04024067100722335,0.2769829441000273,0.0,0.3172413793103448,3
0.14516129032258068,0.311784705520161,0.00397255745709928,0.0,0.3586206896551724,3
0.5,0.8599061353495459,0.2019509026694426,0.0,0.8793103448275862,1
0.43029748107928134,0.15469316530368887,0.08736726728642429,0.0,0.5827586206896552,3
0.6612903225806451,0.5058420057082399,0.22104237587932704,0.0,0.4068965517241379,1
0.5483870967741935,0.061396515634473695,0.08950142954074916,0.0,0.14482758620689656,1
0.16129032258064518,0.08451381149364715,0.616964270180302,0.0,0.5551724137931034,0
0.08064516129032262,0.10088769448145228,0.7249250433501706,0.0,0.05172413793103449,0
0.14516129032258068,0.06753092411375075,0.34621563157864216,0.25,0.031034482758620682,3
0.6935483870967742,0.10961003553197812,0.9515521970852447,0.0,0.18275862068965515,0
0.1774193548387097,0.5774934562276414,1.0,0.0,0.14482758620689656,0
0.5645161290322581,0.8387254196820003,0.20111579570035895,0.0,0.17931034482758618,1
0.7903225806451613,0.10830060886995406,0.08790080785000551,0.0,0.24137931034482757,1
0.967741935483871,0.22745440197247518,0.6883427186211455,0.0,0.5482758620689655,0
0.967741935483871,0.07027951016150044,0.9780552446457464,0.0,0.2,0
0.5161290322580645,0.4229333845990452,0.09737695220752408,0.0,0.18275862068965515,1
0.3548387096774194,0.038939982818816485,0.014759355807763018,0.0,0.1413793103448276,3
0.8387096774193548,0.4662372267042377,0.11021672185718509,0.0,0.2517241379310345,1
0.8225806451612903,0.8664384804735448,0.5276310219041598,0.25,0.393103448275862,1
0.16129032258064518,0.0002527435446206634,0.041958325842501136,0.0,0.296551724137931,3
0.22580645161290325,0.08466908744792206,0.07256731600099749,0.0,0.14482758620689656,3
0.11290322580645162,0.10410009182119202,0.036808499533152,0.0,0.09310344827586207,3
0.5483870967741935,0.34524432100043423,0.3687403223280927,0.0,0.1206896551724138,1
0.24193548387096775,0.9576963770288384,0.017183485759686368,0.0,0.9827586206896551,1
0.7903225806451613,0.37133807541168296,0.8053852800797989,0.0,0.3620689655172414,0
0.3709677419354839,0.22429443547443864,0.23681661862868475,0.0,0.13103448275862067,3
0.1774193548387097,0.710302794832739,0.01301954962217209,0.0,0.296551724137931,1
0.5,0.12890256870792932,0.09912835710101894,0.0,0.30344827586206896,1
0.6612903225806451,0.6318386958433099,0.17003125851780113,0.0,0.4724137931034483,1
0.5967741935483871,0.15942605705282206,0.0,0.0,0.06896551724137931,1
0.32258064516129037,0.431628165848163,0.2953784948356753,0.0,0.09310344827586207,1
0.03225806451612906,0.33691441293630026,0.216066530188537,0.0,0.4275862068965517,3
0.33870967741935487,0.04554021916091833,0.2685390847459593,0.0,0.489655172413793,3
0.6935483870967742,0.14417809278107974,0.7772468147048417,0.0,0.37732047954517367,0
0.11290322580645162,0.007950666611098937,0.39852580422540923,0.0,0.9620689655172414,3
0.32258064516129037,0.8600546894010382,0.10885967303242419,0.0,0.27586206896551724,1
0.19354838709677424,0.5778053525167477,0.23158560136400802,0.0,0.4379310344827586,1
0.7741935483870968,0.4243443119930845,0.55059646355396,0.0,0.503448275862069,1
0.7419354838709677,0.38088048860166945,0.24151409532978024,0.0,0.2,1
0.8064516129032258,0.33691441293630026,0.6935737358858223,0.0,0.1413793103448276,0
0.5967741935483871,0.1942576128909963,0.6874960129441579,0.0,0.506896551724138,0
0.4838709677419355,0.33691441293630026,0.19775217040821652,0.0,0.9586206896551724,1
0.03225806451612906,0.07632787828516195,0.9558553177176061,0.0,0.2,0
0.6774193548387097,0.9064983322959198,0.21722640097893095,0.0,0.19310344827586207,1
0.12903225806451613,0.4716154211204875,0.08678733189122731,0.0,0.9448275862068966,3
0.6935483870967742,0.4795822202982643,0.05109810767080547,0.0,0.38620689655172413,1
0.8709677419354838,0.4851459392313101,0.43827457621220994,0.0,0.1275862068965517,1
0.4032258064516129,0.6551401718387229,0.003868169085963824,0.0,0.1206896551724138,1
1.0,0.19275056228716778,0.6279018517337167,0.0,0.13448275862068965,0
0.20967741935483875,0.6199247953516698,0.04757210046800786,0.0,0.30689655172413793,1
0.0,0.11177381603765342,0.4398404017792418,0.0,0.5413793103448277,3
0.9193548387096775,0.3752327458838428,0.3166389264235964,0.0,0.36551724137931035,1
0.24193548387096775,0.3444625637068336,0.03485991660529017,0.0,0.7689655172413793,3
0.7258064516129032,0.4264475953737176,0.3705149246373954,0.0,0.1275862068965517,1
0.09677419354838712,0.01266809798383248,0.43148933208840534,0.0,0.2,3
0.532258064516129,0.6116588715000734,0.5855085743448181,0.0,0.19310344827586207,0
0.11290322580645162,0.013418262334355512,0.8946721335243253,0.0,0.09999999999999999,0
0.4838709677419355,0.04319830823150771,0.018146178515713346,0.0,0.38275862068965516,3
0.04838709677419356,0.07388043348206665,0.007243393086010217,0.0,0.27586206896551724,3
0.6129032258064516,0.0982164103157009,0.21697122940504426,0.0,0.5896551724137932,1
0.5,0.5121054747209403,0.3478278519772897,0.0,0.5586206896551724,1
0.5806451612903226,0.16868077280371913,0.20434023649765415,0.5,0.09999999999999999,2
0.7741935483870968,0.1316666151320787,1.0,0.0,0.1413793103448276,0
0.03225806451612906,0.11645158818397043,0.0,0.0,0.5620689655172414,3
0.8548387096774193,0.3559516399426218,0.225844240951558,0.0,0.5206896551724138,1
0.6290322580645161,0.8667523933334859,0.4530397313739249,0.0,0.33448275862068966,1
0.3548387096774194,0.505163093527211,0.4718876317178266,0.0,0.3482758620689655,0
0.27419354838709675,0.8334856964630692,0.005294810158148384,0.0,0.7413793103448276,1
0.016129032258064557,0.06895529531335495,0.18364814159702605,0.0,0.0896551724137931,3
0.935483870967742,0.23666004783306022,0.0,0.0,0.2793103448275862,1
0.5,0.34355846778259214,0.31035863950833137,0.0,0.11724137931034483,1
0.6451612903225806,0.17653061087308108,0.0449971873133333,0.0,0.10344827586206896,1
0.5,0.33715585538229476,0.21880382525386669,1.0,0.29310344827586204,2
0.12903225806451613,0.40254383688899587,0.0005741360412450068,0.0,0.5137931034482759,3
0.6451612903225806,0.1691802101804562,0.08729767503900064,0.0,0.23103448275862065,1
0.20967741935483875,0.7990238452779307,0.20812141527433844,0.0,0.37732047954517367,1
0.5967741935483871,0.25141059129890014,0.03893106307957293,0.0,0.3482758620689655,1
0.16129032258064518,0.014785497360308777,0.546420928708542,0.0,0.25517241379310346,3
0.30645161290322587,0.6488975407246481,0.4518218670440113,0.0,0.11724137931034483,1
0.6290322580645161,0.6374561899986154,0.5763339963928018,0.0,0.4586206896551724,0
0.20967741935483875,0.5057095842234254,0.3826239756891082,0.0,0.5275862068965518,3
0.467741935483871,0.16028242746730806,0.394941803483092,0.0,0.14482758620689656,3
0.29032258064516125,0.136901633019062,0.0,0.0,0.9310344827586207,3
0.19354838709677424,0.4242596160180255,0.22691132207872042,0.0,0.3482758620689655,3
0.08064516129032262,0.0407347308617345,0.23827805582458117,0.0,0.6413793103448276,3
0.4838709677419355,0.5511483026523285,0.30408912447153386,0.0,0.2517241379310345,1
0.435483870967742,0.5119461656249958,0.11694397244147,0.0,0.8724137931034484,1
0.33870967741935487,0.4615110568578869,0.3627089942180441,0.0,0.8172413793103449,1
0.5806451612903226,0.33995015036896525,0.07130305683946808,0.0,0.15517241379310343,1
0.7903225806451613,0.8019156078549468,0.47054218160096967,0.0,0.32068965517241377,1
0.8870967741935485,0.47002434673187815,0.34521814269890333,0.0,0.489655172413793,1
0.1774193548387097,0.5672351603913224,0.4589202762812223,0.0,0.493103448275862,0
0.6612903225806451,0.5067857608588979,0.5714393416573393,0.0,0.27241379310344827,0
0.09677419354838712,0.08005517337803848,0.15893129505373102,0.0,0.6586206896551724,3
0.7258064516129032,0.39373545548285444,0.008066901347189924,0.0,0.5379310344827587,1
0.11290322580645162,0.04083488721319321,0.061734122818718,0.0,0.4103448275862069,3
0.16129032258064518,0.11045094557006443,0.040821652467915075,0.0,0.19310344827586207,3
0.11290322580645162,0.011597298870585894,0.45419960216431887,0.0,0.8724137931034484,3
0.11290322580645162,0.0019836335111052556,0.5140489349486468,0.0,0.16896551724137931,3
0.5,0.69157288491968,0.3311489100114247,0.0,0.37241379310344824,1
0.7258064516129032,0.06365171401799051,0.0018731913264862302,0.0,0.2793103448275862,1
0.22580645161290325,0.8600963651982896,0.0,0.0,0.4206896551724138,1
0.4032258064516129,0.5449641520924613,0.44691561360064486,0.0,0.8310344827586207,1
0.32258064516129037,0.34572359266882396,0.1500234873835055,0.0,0.04827586206896552,3
0.30645161290322587,0.7954625811837809,0.6266607899879955,0.0,0.12413793103448274,0
0.09677419354838712,0.09299819718567376,0.021173441278641562,0.0,0.8310344827586207,3
0.08064516129032262,0.431014456124124,0.8867618147338387,0.0,0.46551724137931033,0
0.27419354838709675,0.9208939592948456,0.3092157533650751,0.0,0.5206896551724138,1
0.8064516129032258,0.8642619283525828,0.33545203064378626,0.0,0.4724137931034483,1
0.22580645161290325,0.6377378377252005,0.196893866023325,0.0,0.36551724137931035,1
0.5,0.22684674196094037,0.057941345334129785,0.0,0.5827586206896552,1
0.1774193548387097,0.5003213069530018,0.500942395017195,0.0,0.22413793103448276,0
0.016129032258064557,0.07342737723452854,0.3053301862172554,0.0,0.13103448275862067,3
0.24193548387096775,0.804108964732865,0.31035863950833137,0.0,0.058620689655172406,1
0.14516129032258068,0.053209238045432,0.6902333080094878,0.0,0.38275862068965516,0
0.5806451612903226,0.0758815439404063,0.30057471597664015,0.0,0.24482758620689654,1
0.0,0.09265605233404632,0.47755939988285306,0.0,0.6172413793103448,3
0.5806451612903226,0.0782449649587208,0.525508458357739,0.0,0.44482758620689655,0
0.935483870967742,0.21023557580491425,0.10062459042062714,0.0,0.1275862068965517,1
0.016129032258064557,0.06791945009457719,0.0076029530310323425,0.0,0.46551724137931033,3
0.6129032258064516,0.2091795648777891,0.06057425202832405,0.0,0.9758620689655172,1
0.7258064516129032,0.8482154020302837,0.02040792655698155,0.0,0.4689655172413793,1
0.7258064516129032,0.13037264884645428,0.40204021272030294,0.0,0.4379310344827586,1
0.03225806451612906,0.0812409170288652,0.0663156124407741,0.0,0.5586206896551724,3
0.11290322580645162,0.004258997602969468,0.7405021080651615,0.0,0.32413793103448274,0
0.5,0.2775554321712956,0.0029054763299368423,0.0,0.5206896551724138,1
0.14516129032258068,0.04434775360730914,0.4326260054629914,0.0,0.10689655172413794,3
0.7903225806451613,0.18973108355728474,0.0,0.0,0.37732047954517367,1
0.43029748107928134,0.48876433949911074,0.10836092859255478,0.0,0.2862068965517241,1
0.33870967741935487,0.05174856857080248,0.058985229045484325,0.0,0.2586206896551724,3
0.435483870967742,0.19640794959110666,0.3704917272215875,0.0,0.49999999999999994,3
0.016129032258064557,0.068426281564375,0.02561574640585039,0.0,0.5655172413793104,3
0.6774193548387097,0.7886458995720838,1.0,0.0,0.5620689655172414,0
0.8064516129032258,0.42343551073689534,0.398954956417855,0.0,0.2,1
0.7258064516129032,0.9264791883167953,0.6398485208747746,0.0,0.24137931034482757,1
0.016129032258064557,0.034925662477128736,0.23445048221628112,0.0,0.603448275862069,3
0.016129032258064557,0.12346522154719383,0.2249395417350507,0.0,0.10344827586206896,3
0.016129032258064557,0.05804631928769341,0.0,0.0,0.9310344827586207,3
0.6129032258064516,0.11890441050929171,0.0781462945027924,0.0,0.34137931034482755,1
0.25806451612903225,0.3681377774969516,0.3814989010224261,0.0,0.3310344827586207,3
0.29032258064516125,0.5780533907294206,0.18121241293719878,0.0,0.9413793103448276,1
0.6774193548387097,0.18104840173317543,0.20817940881385813,0.0,0.8448275862068966,1
0.435483870967742,0.40791598159274145,0.0987919945718047,0.0,0.2655172413793103,1
0.11290322580645162,0.049103499825902716,0.19068855729471737,0.0,0.08275862068965517,3
0.5645161290322581,0.15798555328653993,0.7846467903475551,0.0,0.34137931034482755,0
0.25806451612903225,0.9090882814380034,0.15223884059315793,0.0,0.2827586206896551,1
0.03225806451612906,0.08591532822379098,0.10604118701176689,0.0,0.32068965517241377,3
0.7096774193548387,0.7660791275507942,1.0,0.0,0.2517241379310345,0
0.11290322580645162,0.05137146982470622,0.07591934258523601,0.0,0.3,3
0.935483870967742,0.47363535290661796,0.405287850933406,0.0,0.7103448275862069,1
0.27419354838709675,0.5197778545568452,0.550990819622694,0.0,0.396551724137931,0
1.0,0.31857920485267605,0.5065677683506058,0.0,0.48620689655172417,1
0.8387096774193548,0.48802493019303966,0.7295413290959387,0.0,0.23448275862068962,0
0.435483870967742,0.33792282448977395,0.177721201858113,0.0,0.3586206896551724,1
0.7096774193548387,0.825463105492198,0.0839340497468582,0.0,0.2793103448275862,1
0.1774193548387097,0.2626112979053207,0.16177297849019617,0.0,0.19310344827586207,3
0.4032258064516129,0.2279988760978548,1.0,0.0,1.0,0
0.9516129032258065,0.4275909910370148,0.026891604275283733,0.0,0.3310344827586207,1
0.3870967741935484,0.30409014340507395,0.15769023330800946,0.5,0.3482758620689655,2
0.4838709677419355,0.42813949830406395,0.07274129661955657,0.0,0.13793103448275862,1
0.4838709677419355,0.319531026286673,0.012114850405664807,0.0,0.5827586206896552,1
0.4838709677419355,0.8436640016562769,0.07836666995296725,0.0,0.4689655172413793,1
0.8064516129032258,0.7800519468647029,0.14698462591267333,0.0,0.4827586206896552,1
0.27419354838709675,0.05588321097229636,0.0463194400143824,0.0,0.29310344827586204,3
0.6935483870967742,0.7738476305964883,0.8796750042045316,0.0,0.07241379310344827,0
0.11290322580645162,0.06502096561477852,0.10359385964403565,0.0,0.5172413793103449,3
0.16129032258064518,0.10184018810572748,0.11920572048273823,0.0,0.9827586206896551,3
0.08064516129032262,0.024873056865953157,0.0349875023922335,0.0,0.7137931034482758,3
0.04838709677419356,0.0003770987460962544,0.7465566335910179,0.0,0.47586206896551725,0
0.8709677419354838,0.15835794670068848,0.41977463710542645,0.0,0.5172413793103449,1
0.8225806451612903,0.38858446138065195,0.11371953164417484,0.0,0.47586206896551725,1
0.5967741935483871,0.12353109619446198,0.0,0.0,0.10689655172413794,1
0.6290322580645161,0.2673865376419834,0.09214593494284737,0.0,0.02413793103448276,1
0.16129032258064518,0.05101050364528788,0.13324015704650502,0.0,0.4793103448275862,3
0.8064516129032258,0.5182627376696778,0.29798820411406174,0.0,0.5655172413793104,1
0.09677419354838712,0.07263620927703247,0.06645479693562137,0.0,0.1275862068965517,3
0.6451612903225806,0.7269260604137736,0.01610480592462,0.0,0.803448275862069,1
0.016129032258064557,0.10549824759994463,0.33773697610086234,0.25,0.43448275862068964,3
0.03225806451612906,0.0685593752394678,0.039974946790927494,0.0,0.44827586206896547,3
0.5645161290322581,0.37109003719901,0.9330058631468454,0.0,0.803448275862069,0
0.6129032258064516,0.589657411502789,0.15891969634582706,0.0,0.36551724137931035,1
0.3709677419354839,0.4631169194326177,0.042781834103680846,0.0,0.4689655172413793,1
0.6774193548387097,0.5196239229831268,0.4272442049955635,0.0,0.1896551724137931,1
0.532258064516129,0.40815259257068415,0.25443505593476884,0.0,0.5689655172413793,1
0.6129032258064516,0.633369273106877,0.11387031484692606,0.0,0.18620689655172412,1
0.24193548387096775,0.4247718250100493,0.0,0.0,0.17586206896551726,3
0.08064516129032262,0.07023312903230143,1.0,0.0,0.46551724137931033,0
0.27419354838709675,0.4254399821466262,0.41461321208817337,0.0,0.7758620689655172,3
0.16129032258064518,0.10310054487743955,0.3711528535721121,0.0,0.5310344827586208,3
0.7741935483870968,0.44341300580637966,0.4069696635794772,0.0,0.07931034482758621,1
0.6451612903225806,0.48859091440732316,0.1115969680977539,0.0,0.3172413793103448,1
0.3548387096774194,0.4572527314451957,0.5554679208736146,0.0,0.4206896551724138,0
0.7580645161290323,0.7829410206806062,0.6327385129296597,0.0,0.044827586206896544,0
0.3870967741935484,0.4841100940125323,0.4928117007765335,0.0,0.47586206896551725,0
0.1774193548387097,0.7070164565623922,0.06477298428955015,0.0,0.1413793103448276,1
0.5806451612903226,0.11381861886407911,0.2790707115227364,0.0,0.4379310344827586,1
0.6612903225806451,0.8650389803142355,0.17455475460033754,0.0,0.30689655172413793,1
0.6129032258064516,0.001320181706476015,0.3018041790144578,0.0,0.4586206896551724,1
0.7903225806451613,0.3758256177092562,0.022507292687594604,0.0,0.5310344827586208,1
0.5161290322580645,0.6573093298666242,0.02561574640585039,0.0,0.5344827586206897,1
0.7419354838709677,0.41443219415006244,0.5685744608050662,0.0,0.26206896551724135,0
0.20967741935483875,0.9523390205112143,0.8354143348430985,0.0,0.06206896551724138,0
0.5483870967741935,0.42674537566698084,0.43306675636334113,0.0,0.48620689655172417,1
0.6774193548387097,0.44634509980009063,0.011047769278502373,0.0,0.5379310344827587,1
0.11290322580645162,0.06098042985223914,0.49879663405496627,0.0,0.803448275862069,3
0.08064516129032262,0.10825826088242452,0.1527375850330273,0.0,0.017241379310344827,3
0.12903225806451613,0.11559992310143219,1.0,0.0,0.8413793103448276,0
0.9516129032258065,0.3365320628040821,0.03499910110013744,0.0,0.9379310344827586,1
0.24193548387096775,0.34474622800425364,0.28917318610706766,0.0,0.23103448275862065,3
0.03225806451612906,0.015992078909761148,0.3787152111254806,0.0,0.2793103448275862,3
0.22580645161290325,0.6951274271110472,0.4653459604600047,0.0,0.1206896551724138,0
0.7258064516129032,0.2838760373576469,0.020384729141173674,0.0,0.22758620689655168,1
0.5967741935483871,0.41615569002348635,0.05628273010386642,0.0,0.5620689655172414,1
0.04838709677419356,0.01127666410786234,0.00832207292107659,0.0,0.38620689655172413,3
0.967741935483871,0.33691441293630026,0.31035863950833137,0.0,0.35172413793103446,1
0.7419354838709677,0.08287030626333458,0.30484304048528993,0.25,0.5827586206896552,1
0.5645161290322581,0.4211668685478136,0.31250978640979393,0.0,0.34137931034482755,1
0.06451612903225812,0.11681658750505824,0.06473818816583833,0.0,0.8551724137931035,3
0.5645161290322581,0.25982103606031964,0.3395463745338769,0.0,0.10689655172413794,1
0.43029748107928134,0.6642658270561966,0.13836678594004626,0.0,0.2482758620689655,1
0.7741935483870968,0.3008616134986563,0.31591980653355217,0.0,0.21379310344827585,1
0.7580645161290323,0.49451559951978724,0.152412821211717,0.0,0.6724137931034483,1
0.22580645161290325,0.423213687945074,0.22976460422308956,0.0,0.7137931034482758,3
0.5,0.41970082155095806,0.06412345664692953,0.5,0.46206896551724136,2
0.19354838709677424,0.39884275721697093,0.17897386231173848,0.0,0.37241379310344824,3
0.5645161290322581,0.04467107713114567,1.0,0.0,0.07586206896551724,0
0.5967741935483871,0.6537057177849449,0.8356579077090811,0.0,0.3793103448275862,0
0.435483870967742,0.24434990461619957,0.22891789854610195,0.0,0.02413793103448276,1
0.14516129032258068,0.03667470158112597,0.09051051712839189,0.0,0.6655172413793103,3
0.8709677419354838,0.42239563237644806,0.0871932866678652,0.0,0.26206896551724135,1
0.6290322580645161,0.2729401737208555,0.28749137346099646,0.0,0.7689655172413793,1
0.532258064516129,0.7379654413534149,0.07126826071575626,0.0,0.6586206896551724,1
0.8225806451612903,0.6665344692452784,0.0,0.0,0.4689655172413793,1
0.12903225806451613,0.10370820488897434,0.03227340474271166,0.0,0.8310344827586207,3
0.16129032258064518,0.01925152956897815,0.31035863950833137,0.0,0.4206896551724138,3
0.0,0.028711263354740352,0.24210562943288116,0.0,0.4103448275862069,3
0.5967741935483871,0.4993735186606743,0.055957966282556115,0.0,0.19655172413793104,1
0.7096774193548387,0.7250472885860747,0.11104023011836481,0.0,0.13448275862068965,1
0.6612903225806451,0.47075905070600144,1.0,0.0,0.493103448275862,0
0.6935483870967742,0.4843709038404919,0.6931909785249923,0.0,0.09310344827586207,0
0.03225806451612906,0.016719388790823797,0.01161610596579541,0.5,0.031034482758620682,3
0.6774193548387097,0.14674989278565062,0.17907825068287392,0.0,0.6517241379310346,1
0.06451612903225812,0.12214436765043957,0.3806869914691503,0.0,0.3896551724137931,3
0.06451612903225812,0.027005916618829128,0.9936207106528332,0.0,0.9586206896551724,0
0.30645161290322587,0.07499358058284276,0.3211624225061328,0.0,0.1586206896551724,3
0.0,0.06518834099406187,0.01436499973902907,0.0,0.803448275862069,3
0.04838709677419356,0.0058245287610054364,0.22381446706836858,0.0,0.2206896551724138,3
0.8709677419354838,0.47351906398848137,0.004633683807623832,0.0,0.5551724137931034,1
0.16129032258064518,0.09361123471943451,0.1843788601949743,0.0,0.21034482758620687,3
0.3709677419354839,0.5752402744149593,0.08518671020048366,0.0,0.4275862068965517,1
0.16129032258064518,0.004226060279335392,0.06252283495618587,0.0,0.07241379310344827,3
0.5645161290322581,0.4697702588067009,0.15131094396084274,0.0,0.37732047954517367,1
0.04838709677419356,0.0497689682013667,0.4183943908648576,0.0,0.2689655172413793,3
0.8548387096774193,0.37479985534465216,0.15366548166534247,0.0,0.33448275862068966,1
0.12903225806451613,0.10467615888964922,0.4323012416416811,0.0,0.06896551724137931,3
0.7258064516129032,0.6769245143761335,0.09780610439996984,0.0,0.13448275862068965,1
0.7419354838709677,0.924042498558152,0.1405473430259869,0.0,0.18275862068965515,1
0.532258064516129,0.2411637226973114,0.9908138233400798,0.0,0.7551724137931035,0
0.5483870967741935,0.3709616488558649,0.5136893750036247,0.0,0.5862068965517242,0
0.03225806451612906,0.016188358471009107,0.3610619776956847,0.0,0.5689655172413793,3
0.5645161290322581,0.3093157506281618,0.8595744434070045,0.0,0.09655172413793102,0
0.43029748107928134,0.8470935164558903,0.0,0.0,0.1275862068965517,1
0.8870967741935485,0.44086002712959965,0.03615897189053139,0.0,0.5172413793103449,1
0.3870967741935484,0.5215793245025456,0.2590629403884407,0.0,0.8206896551724138,1
0.5967741935483871,0.33691441293630026,0.0,0.0,0.06551724137931035,1
0.12903225806451613,0.07824429276844255,0.17968138349387877,0.0,0.9724137931034483,3
0.30645161290322587,0.8563542819192916,0.2857631659833095,1.0,0.9103448275862069,2
0.06451612903225812,0.07665254618955497,0.7459071059483973,0.0,0.6689655172413793,0
0.11290322580645162,0.052006017447370864,0.01794900048134638,0.0,0.9413793103448276,3
0.4838709677419355,0.37746643417845577,0.11088944691561359,0.0,0.44827586206896547,1
0.7096774193548387,0.09681086044388759,0.2713575707666166,0.0,0.2689655172413793,1
0.5,0.989193196896632,0.6241206729570326,0.0,0.3379310344827586,0
0.22580645161290325,0.1670970925081705,0.6757465218374672,0.0,0.7310344827586207,0
0.5967741935483871,0.004870018565895485,0.014295407491605433,0.0,0.30344827586206896,1
0.5,0.7895426014032645,0.0008641037388434913,0.0,0.28965517241379307,1
0.24193548387096775,0.7424670996468313,1.0,0.0,0.5448275862068966,0
0.5,0.018050997732030005,0.1657977301328632,0.0,0.09655172413793102,3
0.9193548387096775,0.42313235292140616,0.04669059866730846,0.0,0.6379310344827587,1
0.5483870967741935,0.31855500600265924,0.21798031699268702,0.0,0.706896551724138,1
0.1774193548387097,0.08290458796752515,0.04052008606241265,0.0,0.22758620689655168,3
0.22580645161290325,0.1796831832780569,0.0988499881113244,0.0,0.22413793103448276,3
0.14516129032258068,0.08514970349686828,0.3292467219151787,0.0,0.38620689655172413,3
0.7903225806451613,0.298125126875915,0.07131465554737203,0.0,0.21724137931034482,1
0.04838709677419356,0.08013449183087157,0.002661903463954115,0.0,0.23448275862068962,3
0.12903225806451613,0.02287396297844824,0.8310184245475054,0.0,0.36551724137931035,0
0.25806451612903225,0.5635569351887578,0.05689746162277522,0.0,0.4827586206896552,1
0.09677419354838712,0.060387558026825786,0.05917080837194735,0.0,0.1586206896551724,3
0.5967741935483871,0.9526394895655904,0.14083731072358538,0.0,0.1275862068965517,1
0.06451612903225812,0.11847017558954451,0.4434244025215591,0.0,0.1586206896551724,3
0.03225806451612906,0.574004116493264,0.5258912157185689,0.0,0.4793103448275862,0
0.6290322580645161,0.010633378011580496,0.02496621876322977,0.0,0.5931034482758621,1
0.20967741935483875,0.3647116236487295,0.1672359699129517,0.0,0.017241379310344827,3
0.08064516129032262,0.05568088169854418,0.347189923042573,0.0,0.2862068965517241,3
0.04838709677419356,0.35183716324947534,0.4849593755255665,1.0,0.47586206896551725,2
0.12903225806451613,0.03265970904915996,0.1738124372944854,0.0,0.25517241379310346,3
0.467741935483871,0.3131795003475224,0.22652856471789043,0.0,0.6344827586206897,1
0.12903225806451613,0.10034389254635089,0.2614290768008444,0.0,0.5103448275862069,3
0.8064516129032258,0.919323722804862,0.008333671628980528,0.0,0.4103448275862069,1
0.903225806451613,0.11382870171825281,0.06358991608334831,0.0,0.5724137931034483,1
0.7741935483870968,0.5092856365036965,1.0,0.0,0.3482758620689655,0
1.0,0.46852132926971907,0.3461808354549303,0.0,0.7551724137931035,1
0.967741935483871,0.4990663277035157,0.1922543828617492,0.0,0.38620689655172413,1
0.6129032258064516,0.19412855235757298,0.9726502467625107,0.0,0.37241379310344824,0
0.7419354838709677,0.5054433968732398,0.284324926203221,0.0,0.14482758620689656,1
0.8548387096774193,0.3662059026372713,0.23733856048436203,0.0,0.7137931034482758,1
0.20967741935483875,0.44911452374646593,0.0,0.0,0.4103448275862069,3
0.16129032258064518,0.12551540189584548,0.1236364269020431,0.0,0.10689655172413794,3
0.6129032258064516,0.3521927519066677,0.43971281599229844,0.0,0.02413793103448276,1
0.532258064516129,0.21285510131924068,0.7987276217429378,0.0,0.4827586206896552,0
0.8225806451612903,0.459792938506689,0.41040288111904333,0.0,0.20344827586206898,1
0.7903225806451613,0.5018539007874038,0.0,0.0,0.8896551724137931,1
0.20967741935483875,0.4638112919900462,0.21235494365927632,0.0,0.0896551724137931,3
0.8387096774193548,0.1265330979771106,0.1083029350530351,0.0,0.44827586206896547,1
0.03225806451612906,0.039367495835781224,0.33415297535854505,0.0,0.10344827586206896,3
0.16129032258064518,0.007535925209420882,0.7011244947312869,0.0,0.30344827586206896,0
0.06451612903225812,0.0901924749642731,0.8603167607128566,0.0,0.36896551724137927,0
0.5483870967741935,0.5612513225343726,0.12382200622850614,0.0,0.006896551724137931,1
0.6935483870967742,0.5307244732380885,0.09301583803564283,0.0,0.5551724137931034,1
0.19354838709677424,0.3674682759798181,1.0,0.0,0.13448275862068965,0
0.7903225806451613,0.07807019548637674,0.14671785563088272,0.0,0.3,1
0.08064516129032262,0.10728358497896717,0.023064030666983697,0.0,0.45172413793103444,3
0.6451612903225806,0.1674022668944944,0.010212662309418728,0.0,0.9724137931034483,1
0.6774193548387097,0.7999676004285886,0.1009377555340335,0.0,0.34137931034482755,1
0.6290322580645161,0.5798091517362004,0.11623645125932969,0.0,0.28965517241379307,1
0.8870967741935485,0.3572281292810119,0.4033856628371599,0.5,0.37241379310344824,2
0.43029748107928134,0.24436267623148625,0.021672185718510956,0.0,0.21379310344827585,1
0.016129032258064557,0.07558376364714314,0.05562160375334188,0.030405405405405428,0.7931034482758621,3
0.5161290322580645,0.9900421732180573,0.1075142229155672,0.75,0.044827586206896544,2
0.16129032258064518,0.0790798252843029,0.04041569769127719,0.0,0.4827586206896552,3
0.03225806451612906,0.023755876623507574,0.22128594874530977,0.0,0.49655172413793097,3
0.03225806451612906,0.09533405840258015,0.024757442020958864,0.0,0.25517241379310346,3
0.4516129032258065,0.5340229109334439,0.1602419490468762,0.0,0.22413793103448276,1
0.09677419354838712,0.08268276517570383,0.21262171394106696,0.0,0.2379310344827586,3
0.11290322580645162,0.1171170565594344,0.4574936352090377,0.0,0.37732047954517367,3
0.7903225806451613,0.43694048561714466,1.0,0.0,0.7172413793103448,0
0.6129032258064516,0.5593261695774747,0.00252271896910684,0.0,0.06206896551724138,1
0.467741935483871,0.5301221907487798,0.443818758590293,0.0,0.9172413793103449,1
0.06451612903225812,0.01522040447033423,0.12304489279894218,0.0,0.37732047954517367,3
0.3548387096774194,0.4887871939685711,0.420041407387217,0.0,0.5413793103448277,1
0.5,0.19404251200195743,0.12606055685396644,0.0,0.07931034482758621,1
0.5645161290322581,0.10205797775587933,0.0012120649759616783,0.0,0.3137931034482758,1
0.06451612903225812,0.07416947530171263,0.3143191848428085,0.0,0.6965517241379311,3
0.16129032258064518,0.3044571592969965,0.995940452233621,0.0,0.5620689655172414,0
0.09677419354838712,0.08597918630022439,1.0,0.0,0.4827586206896552,0
0.29032258064516125,0.9547205906670414,0.027912290570830403,0.0,0.8931034482758621,1
0.5,0.2093543343501332,0.12636212325946888,0.0,0.5758620689655173,1
0.09677419354838712,0.06195510575569649,0.3855236526650931,0.0,0.4724137931034483,3
0.8225806451612903,0.16867875623288436,0.13030568394680833,0.0,0.07241379310344827,1
0.5967741935483871,0.6285254699618331,0.35361560722135554,0.0,0.5793103448275863,1
0.5645161290322581,0.07682597128134257,0.0,0.0,0.9241379310344828,1
0.5806451612903226,0.8546220475722505,0.039974946790927494,0.0,0.9758620689655172,1
0.20967741935483875,0.6609183194705293,0.42671066443198225,0.0,0.4586206896551724,1
0.08064516129032262,0.05511825843565191,0.0,0.0,0.5103448275862069,3
0.6129032258064516,0.39714211581300746,0.36384566759263015,0.0,0.6931034482758621,1
0.435483870967742,0.03368412703320754,1.0,0.0,0.7724137931034483,0
0.0,0.1121267159337328,0.028689404000394353,0.0,0.24137931034482757,3
0.7258064516129032,0.16596982941155122,0.09649545040682468,0.0,0.2862068965517241,1
0.8225806451612903,0.210993134248498,0.15605481549355402,0.0,0.16896551724137931,1
0.8870967741935485,0.07582776871814659,0.01559446277684666,0.0,0.4103448275862069,1
0.7580645161290323,0.5322832824933421,0.044405653210232376,0.0,0.12413793103448274,1
0.5645161290322581,0.9563277976223288,0.0025459163849147204,0.0,0.027586206896551724,1
0.14516129032258068,0.015387107659339348,0.7165855723672383,0.0,0.5689655172413793,0
0.016129032258064557,0.10042589976029696,0.07550178910069419,0.0,0.3586206896551724,3
0.9193548387096775,0.49150082612185203,0.07874942731379725,0.0,0.5517241379310345,1
0.6935483870967742,0.16553761106263873,0.4573892468379022,0.0,0.23448275862068962,1
0.24193548387096775,0.7141147859006747,0.18166476254545244,0.0,0.02413793103448276,1
0.25806451612903225,0.19281509255387944,0.14362100062053085,0.0,0.5241379310344828,3
0.16129032258064518,0.04440018444901235,0.17339488380994358,0.0,0.3620689655172414,3
0.5806451612903226,0.41192559660248146,0.0437677242755157,0.5,0.4379310344827586,2
0.7258064516129032,0.16477333071627254,0.31274176056787273,0.0,0.08620689655172413,1
0.06451612903225812,0.0626803990659244,0.598893483265964,0.0,0.4793103448275862,3
0.11290322580645162,0.12225259028523724,0.32220630621748736,0.0,0.46206896551724136,3
0.9838709677419355,0.12046926947704942,0.013785064343832094,0.0,0.3793103448275862,1
0.11290322580645162,0.11304828880520867,0.2949609413511335,0.0,0.09310344827586207,3
0.1774193548387097,0.050530559786619925,0.11204931770600754,0.5,0.5724137931034483,3
0.04838709677419356,0.06874086661459435,0.5683076905232756,0.0,0.03793103448275863,3
0.06451612903225812,0.11537473935821962,0.2214135345322531,0.0,0.07241379310344827,3
0.7258064516129032,0.36047480832494216,0.3884465270568858,0.0,0.5413793103448277,1
0.03225806451612906,0.025259566275944865,0.2848352693509943,0.0,0.4827586206896552,3
0.6612903225806451,0.5896963985389273,0.03487151531319411,0.0,0.06896551724137931,1
0.7258064516129032,0.3538376015175368,0.012984753498460268,0.0,0.2827586206896551,1
0.12903225806451613,0.5214287538802185,1.0,0.0,0.5551724137931034,0
0.935483870967742,0.478266743923736,0.36606102080228264,0.0,0.46551724137931033,1
0.7096774193548387,0.9045872953348651,0.7561139689038641,0.0,0.8379310344827586,0
0.5,0.5223449492294684,0.039186234653459606,0.0,0.4689655172413793,1
0.8709677419354838,0.3427357068820185,0.626312828750877,0.0,0.058620689655172406,0
0.0,0.11283386010644807,0.08351649626231637,0.0,0.9586206896551724,3
0.6451612903225806,0.8847966691627334,0.8465838905545922,0.0,0.40344827586206894,0
0.016129032258064557,0.02461224703799354,0.05937958511421827,0.0,0.506896551724138,3
0.1774193548387097,0.6568892109427201,0.08997697656481067,0.0,0.45172413793103444,1
0.06451612903225812,0.07774888853337493,0.06733629873632077,0.0,0.13448275862068965,3
0.9516129032258065,0.4010482135198975,0.0290837600691283,0.0,0.16551724137931034,1
0.9838709677419355,0.3406539335902893,0.20409666363167145,0.0,0.49655172413793097,1
0.9516129032258065,0.45558435517458795,0.31921383957827093,0.0,0.38275862068965516,1
0.08064516129032262,0.03076883779645272,0.32523356898041555,0.0,0.43448275862068964,3
0.14516129032258068,0.08730340114836987,0.377868505448493,0.0,0.27241379310344827,3
0.14516129032258068,0.05454555231858593,0.09552115894289376,0.0,0.13103448275862067,3
0.29032258064516125,0.4192517984450895,0.10812895443447598,0.75,0.35172413793103446,2
0.3548387096774194,0.9104400560875568,0.013286319903962701,0.0,0.32068965517241377,1
0.935483870967742,0.3231884135906119,0.0,0.030405405405405428,0.23103448275862065,1
0.11290322580645162,0.03151564119558452,0.2222950363329525,0.0,0.18275862068965515,3
0.435483870967742,0.7830021899959266,0.011268144728677223,0.0,0.9206896551724139,1
0.5483870967741935,0.404453529469494,0.12934299119078133,0.0,0.22413793103448276,1
0.6774193548387097,0.28786145351737,0.4361056178341733,0.0,0.5586206896551724,1
0.3709677419354839,0.2623760313079344,0.5856825549633771,0.0,0.21724137931034482,0
0.11290322580645162,0.018325923555832797,0.9669900773053881,0.0,0.8931034482758621,0
0.8064516129032258,0.45372238810384535,0.1814559858031815,0.0,0.07241379310344827,1
0.19354838709677424,0.6452704019832303,0.28925437706239526,0.030405405405405428,0.5482758620689655,1
0.5967741935483871,0.4538803528192333,0.15807299066883948,0.0,0.3620689655172414,1
0.16129032258064518,0.05696476512999489,0.005886344261249295,0.0,0.493103448275862,3
0.4516129032258065,0.814689239712464,0.11076186112867026,0.0,0.3137931034482758,1
0.22580645161290325,0.43015136380685554,0.35464789222480614,0.0,0.11379310344827585,3
0.435483870967742,0.6605277769188681,1.0,0.0,0.9275862068965518,0
0.7903225806451613,0.1369365869135308,0.1539322519471331,0.0,0.5689655172413793,1
0.6290322580645161,0.255929726539551,0.0,0.0,0.49655172413793097,1
0.43029748107928134,0.7354198567696956,1.0,0.0,0.38275862068965516,0
0.09677419354838712,0.018725204581111186,0.638247899184031,0.0,0.19310344827586207,3
0.532258064516129,0.2568096236137756,0.22090319138447975,0.0,0.9137931034482759,1
0.9193548387096775,0.5080911543792526,0.19124529527410644,0.0,0.16206896551724137,1
0.04838709677419356,0.03787590560835237,0.07173220903191385,0.0,0.4068965517241379,3
0.04838709677419356,0.07165548366107091,0.3512842669326637,0.0,0.1724137931034483,3
0.6612903225806451,0.3895181336771363,0.6579309064970162,0.0,0.4551724137931034,0
0.7258064516129032,0.06873145595069889,0.09815406563708803,0.0,0.44482758620689655,1
0.7096774193548387,0.13028055877833453,0.6652844873081138,0.0,0.6896551724137931,0
0.11290322580645162,0.11850849043540454,0.2434278821339303,0.0,0.6517241379310346,3
0.8709677419354838,0.1495307439667562,0.7370920879414034,0.0,0.2482758620689655,0
0.32258064516129037,0.391554870220223,0.07529301235842327,0.0,0.506896551724138,1
0.11290322580645162,0.02005278038064791,0.2039458804289202,0.0,0.013793103448275862,3
0.967741935483871,0.12200858521423377,0.33484889783278143,0.0,0.396551724137931,1
0.8064516129032258,0.17689426581361242,0.21512703484831788,0.0,0.9551724137931035,1
0.06451612903225812,0.06816345516558064,0.0,0.0,0.45172413793103444,3
0.19354838709677424,0.4861838010209226,0.4870587416561795,0.0,0.3275862068965517,0
0.016129032258064557,0.0620391295404773,0.8434406407126247,0.0,0.34137931034482755,0
0.6290322580645161,0.7306755377858322,0.00024937221993469663,0.0,0.11724137931034483,1
0.435483870967742,0.9767348222796124,0.3187382925542095,0.0,0.0896551724137931,1
0.3709677419354839,0.9966632474587848,0.08081399732069848,0.0,0.8827586206896552,1
0.06451612903225812,0.04901073756750471,0.6259300713900471,0.0,0.21724137931034482,3
0.08064516129032262,0.42398737895533567,0.02780790219969495,0.0,0.6551724137931035,3
0.11290322580645162,0.1274526542777517,0.06606044086688743,0.0,0.17931034482758618,3
0.4193548387096775,0.8727059826279145,0.38283275243137915,0.0,0.006896551724137931,1
0.467741935483871,0.37527307730053766,0.0,1.0,0.5689655172413793,2
0.9193548387096775,0.17874346126906837,0.2747443934745669,0.0,0.7310344827586207,1
0.016129032258064557,0.0516013588998665,0.25805385280079796,0.75,0.006896551724137931,2
0.6935483870967742,0.38567992718834904,1.0,0.030405405405405428,0.4103448275862069,0
0.7903225806451613,0.5939540517613403,0.04946268985635001,0.0,0.45172413793103444,1
0.3548387096774194,0.5664863404213558,0.0,0.0,0.46551724137931033,1
0.435483870967742,0.021813918909653594,0.6081724495891156,0.0,0.903448275862069,0
0.7419354838709677,0.561817306748656,0.28774654503488306,0.0,0.396551724137931,1
0.9193548387096775,0.1712727385166374,0.26920021109648384,0.0,0.6620689655172414,1
0.5806451612903226,0.4408136460004006,0.009609529498413875,0.0,0.3448275862068965,1
0.7741935483870968,0.7955902973366479,0.4785104939309761,0.0,0.17931034482758618,1
0.33870967741935487,0.4498915757081189,0.1178486716579773,0.0,0.39999999999999997,1
0.6774193548387097,0.13198523332396753,0.17368485150754207,0.0,0.9551724137931035,1
0.7580645161290323,0.20424501604518197,0.3167897096263476,0.0,0.18620689655172412,1
0.04838709677419356,0.006818698182531925,0.12681447286772254,0.0,0.44827586206896547,3
0.6451612903225806,0.29394544772577863,0.33534764227265085,0.0,0.7103448275862069,1
0.7419354838709677,0.764322022163458,0.5693167781109183,0.0,0.1586206896551724,1
0.11290322580645162,0.06762435856242699,0.5660923373136233,0.0,0.3137931034482758,3
0.1774193548387097,0.3646652425195305,0.030197236027906492,0.0,0.37241379310344824,3
0.22580645161290325,0.6438527526864085,0.6857446080506631,0.0,0.25517241379310346,0
0.9516129032258065,0.06269451506176758,0.08797040009742915,0.0,0.396551724137931,1
0.06451612903225812,0.11642268400200582,0.3333178683894614,0.0,0.06896551724137931,3
0.03225806451612906,0.05931608672330094,0.757076661659891,0.0,0.45172413793103444,0
0.03225806451612906,0.011328422759287315,0.2951697180934044,0.0,0.44482758620689655,3
0.30645161290322587,0.6520400302754502,0.2689450395225972,0.0,0.2379310344827586,1
0.016129032258064557,0.05292490155773376,0.02159099476318338,0.0,0.21034482758620687,3
0.0,0.012703724068579541,0.35953094825236465,0.0,0.4379310344827586,3
0.11290322580645162,0.05763695540824133,0.15334071784403216,0.0,0.16206896551724137,3
0.016129032258064557,0.10112564983995151,1.0,0.0,0.09655172413793102,0
0.6774193548387097,0.5706391319603624,0.4151583513596585,0.0,0.44827586206896547,1
0.5,0.3602825619053637,0.2763798112890224,0.0,0.37732047954517367,1
0.11290322580645162,0.11449080914232555,0.9318691897722593,0.0,0.05517241379310345,0
0.5,0.5292779197593022,0.0,0.0,0.5620689655172414,1
0.3548387096774194,0.00813148579594723,0.04767648883914331,0.0,0.2206896551724138,3
0.30645161290322587,0.45412839103190616,0.3087634037568215,0.0,0.9241379310344828,1
0.4516129032258065,0.12957610336673225,0.035845806777125025,0.0,0.37732047954517367,3
0.25806451612903225,0.009899346227735379,0.5302291324746422,0.0,0.5620689655172414,3
0.6612903225806451,0.19613100719646914,0.2051985408825457,0.0,0.44827586206896547,1
0.0,0.0956069676555482,0.17738483932889876,0.0,0.6655172413793103,3
1.0,0.3676974928647002,0.0,0.0,0.1724137931034483,1
0.5967741935483871,0.09498653602872673,0.02881698978733769,0.0,0.09310344827586207,1
0.6935483870967742,0.11535995117209821,0.07290367853021172,0.0,0.506896551724138,1
0.06451612903225812,0.4145982251487893,0.17852151270348482,0.0,0.006896551724137931,3
0.6935483870967742,0.14658117302581078,0.0020123758213335015,1.0,0.5241379310344828,2
0.4838709677419355,0.1280818243781904,0.5457829997738253,0.0,0.41379310344827586,0
0.6451612903225806,0.14036206857147468,0.15318993464128094,0.0,0.1586206896551724,1
0.6935483870967742,0.7350730065861204,0.1722002168958378,0.0,0.5241379310344828,1
0.14516129032258068,0.023245012012040274,0.8175175285473197,0.0,0.3793103448275862,0
0.5645161290322581,0.13467265005639675,0.2930355558390795,0.0,0.18275862068965515,1
0.532258064516129,0.3416239041617989,0.7206103240099053,0.0,0.9241379310344828,0
0.467741935483871,0.03645892850180886,0.23279186698601773,0.0,0.4413793103448276,3
0.4516129032258065,0.7334005971738433,0.4662274622607041,0.0,0.3448275862068965,1
0.4516129032258065,0.05714155117317371,0.32009534137897033,0.0,0.49655172413793097,3
0.6290322580645161,0.16538704044031155,0.2729697911652642,0.0,0.5793103448275863,1
0.04838709677419356,0.09733449667064156,0.19544402753533255,0.0,0.2862068965517241,3
0.12903225806451613,0.21189185265051352,0.02053551234392488,0.0,0.7482758620689656,3
0.435483870967742,0.33691441293630026,0.2753591249934757,0.0,0.1724137931034483,1
0.7580645161290323,0.25606013145353085,1.0,0.0,0.5620689655172414,0
0.06451612903225812,0.007054636970196428,0.14222915567205813,0.0,0.11724137931034483,3
0.0,0.2863658301482717,0.030742375299391646,0.0,0.4689655172413793,3
0.04838709677419356,0.03170855980544125,0.7709719137288105,0.0,0.5344827586206897,0
0.8387096774193548,0.3010968800960426,0.04381411910713146,0.0,0.41724137931034483,1
0.532258064516129,0.19418232757983273,0.0,0.0,0.29310344827586204,1
0.7258064516129032,0.3433366449907708,0.025232989045020388,0.0,0.6379310344827587,1
0.7903225806451613,0.062160123790561655,0.5023690360893796,0.0,0.13793103448275862,0
0.19354838709677424,0.9029565617198392,1.0,0.0,0.8275862068965517,0
0.33870967741935487,0.0914125003192904,0.3265558216814647,0.0,0.5241379310344828,3
0.22580645161290325,0.41894057434626136,0.7744399273920886,0.0,0.3310344827586207,0
0.4838709677419355,0.5680243117779837,0.0061995093746556595,0.0,0.4103448275862069,1
0.967741935483871,0.28048752616500655,0.3478278519772897,0.0,0.2862068965517241,1
0.6935483870967742,0.8707075609306879,0.36566666473354864,1.0,0.4379310344827586,2
0.903225806451613,0.2689419859458456,0.24091096251877536,0.0,0.3448275862068965,1
0.3870967741935484,0.6964913011856093,0.23194516130903015,0.0,1.0,1
0.903225806451613,0.45373247095801905,0.0015832236288877422,0.0,0.4827586206896552,1
0.967741935483871,0.15599452568237399,0.5519303149629131,0.0,0.49999999999999994,1
0.903225806451613,0.305025832272393,0.387460636885051,0.0,0.5793103448275863,1
0.08064516129032262,0.023013778556323496,0.23431129772143383,0.0,0.803448275862069,3
0.4838709677419355,0.4175336800938916,0.31900506283600005,0.0,0.37732047954517367,1
0.12903225806451613,0.08974210747784797,0.4710061299171272,0.0,0.34137931034482755,3
0.6935483870967742,0.21361333195310264,0.6926226418376993,0.0,0.506896551724138,0
0.8225806451612903,0.39787211445518306,0.06701153491501047,0.0,0.20344827586206898,1
0.6612903225806451,0.39153268794104085,0.059472374777449794,0.0,0.0896551724137931,1
0.7096774193548387,0.10578191189736463,0.012601996137630269,0.0,0.11379310344827585,1
0.4838709677419355,0.24415765819662108,0.0026039099244344194,0.0,0.49999999999999994,1
0.5806451612903226,0.19461656249957993,0.3501475935580776,0.0,0.393103448275862,1
0.3548387096774194,0.7773833514600647,0.18943589684109188,0.0,0.5620689655172414,1
0.8064516129032258,0.46416150312501264,1.0,0.0,0.44482758620689655,0
0.30645161290322587,0.17709457851652985,0.0,0.0,0.6862068965517242,3
0.11290322580645162,0.06535437199278875,0.40522985739388634,0.0,0.5724137931034483,3
0.8548387096774193,0.4634819187537055,0.2871086161001664,0.0,0.020689655172413793,1
0.25806451612903225,0.325490665293606,0.044939193773813585,0.0,0.44827586206896547,3
0.09677419354838712,0.10515274179692595,0.14548839259306515,0.0,0.22413793103448276,3
0.03225806451612906,0.06031160052538394,0.017786618570691227,0.0,0.017241379310344827,3
0.33870967741935487,0.5593167589135792,0.09019735201498552,0.0,0.5724137931034483,1
0.04838709677419356,0.07959875617910915,0.0,0.0,0.3310344827586207,3
0.25806451612903225,0.5625009242616327,0.18828762475860186,0.0,0.30344827586206896,1
0.06451612903225812,0.03975602181660767,0.12857747646912132,0.0,0.11034482758620691,3
0.5645161290322581,0.8212827541517834,0.023238011285542794,0.0,0.5413793103448277,1
0.532258064516129,0.6143469604227808,0.08781961689467792,0.0,0.5655172413793104,1
0.29032258064516125,0.1850815434026541,0.21209977208538966,0.0,0.3103448275862069,3
0.6451612903225806,0.1700789285824717,0.1412200680844154,0.0,0.11724137931034483,1
0.09677419354838712,0.4950479742201585,0.14014138824934902,0.0,0.21034482758620687,3
0.04838709677419356,0.10551639673745727,0.13572228053794805,0.0,0.49999999999999994,3
0.4032258064516129,0.9284742490626308,0.0,0.0,0.4379310344827586,1
0.8225806451612903,0.4954297782982025,0.27869955286981024,0.0,0.30689655172413793,1
0.29032258064516125,0.7409150122943603,0.04645862450922966,0.0,0.34137931034482755,1
0.5161290322580645,0.5293733707788132,0.11835901480575062,0.0,0.13793103448275862,1
0.7741935483870968,0.5341015571959986,0.1412780616239351,0.0,0.3793103448275862,1
0.5806451612903226,0.9971438635077311,0.9252579262670138,0.0,0.15517241379310343,0
0.8225806451612903,0.8997199655300826,0.25739272645027345,0.0,0.20344827586206898,1
0.04838709677419356,0.028596318817160214,0.7758433710484651,0.0,0.07241379310344827,0
0.6774193548387097,0.32622200831633813,1.0,0.0,0.44482758620689655,0
0.8064516129032258,0.5943056072768632,0.30215214025157594,0.0,0.017241379310344827,1
0.9838709677419355,0.26506949775286787,0.0,0.0,0.6517241379310346,1
0.7580645161290323,0.2720757370230306,0.7207727059205604,0.0,0.6793103448275862,0
0.532258064516129,0.7586944451539787,0.10101894648936109,0.0,0.5827586206896552,1
0.5483870967741935,0.35265253005698827,0.5678089460834064,0.0,0.5965517241379311,0
0.4516129032258065,0.08255840997422824,0.4126878265761194,0.0,0.2793103448275862,3
0.5161290322580645,0.15960485966683563,0.0,0.0,0.09310344827586207,1
0.4032258064516129,0.06172118353886673,0.0,0.0,0.30344827586206896,3
0.3548387096774194,0.955886840799799,0.1761437775831772,0.25,0.43448275862068964,1
0.6129032258064516,0.18363364554331124,0.06606044086688743,0.0,0.3137931034482758,1
0.6935483870967742,0.8097923335354387,0.21509223872460606,0.0,0.6413793103448276,1
0.3709677419354839,0.9592040998229452,0.15570685425643585,0.0,0.6689655172413793,1
0.4516129032258065,0.5274132639274465,0.008867212192561747,0.0,0.07586206896551724,1
0.4838709677419355,0.3989973609809676,0.03889626695586112,0.0,0.4724137931034483,1
0.06451612903225812,0.019209181581448624,0.8166360267466204,0.0,0.296551724137931,0
0.016129032258064557,0.06592304496818524,0.13786804150017687,0.0,0.3137931034482758,3
0.0,0.04224379803639777,0.11704836081260547,0.0,0.996551724137931,3
0.25806451612903225,0.18021152483675862,0.0,0.5,0.010344827586206896,2
0.5161290322580645,0.3458203880688915,0.08378326654410699,0.0,0.9551724137931035,1
0.11290322580645162,0.07997047740297943,0.0,0.0,0.7310344827586207,3
0.22580645161290325,0.4297312448829515,0.1014017038501911,0.0,0.07931034482758621,3
0.8387096774193548,0.26236258750236946,0.16317642214657288,0.0,0.43448275862068964,1
0.8064516129032258,0.1629537116330594,0.567275405519825,0.0,0.5827586206896552,0
0.4516129032258065,0.7335612506503442,0.01740386120986122,0.0,0.17586206896551726,1
0.5161290322580645,0.41499347303239825,0.0,0.0,0.5275862068965518,1
0.5645161290322581,0.10970750312232386,0.3016881919354184,0.0,0.21034482758620687,1
0.8064516129032258,0.3491174813836902,0.15045263957595126,0.0,0.7827586206896552,1
0.25806451612903225,0.3305441918054628,0.40988093926336605,0.0,0.031034482758620682,3
0.6774193548387097,0.6549196934274579,0.6295836643797881,0.0,0.29310344827586204,0
0.12903225806451613,0.04106275971751876,0.4791368241577888,0.0,0.7172413793103448,3
0.24193548387096775,0.4111337564547072,0.02399192729929886,0.0,0.4241379310344827,3
0.6290322580645161,0.14306292910946888,0.07317044881200234,0.0,0.041379310344827586,1
0.29032258064516125,0.6192082405150591,0.13503795677161562,0.0,0.3137931034482758,1
0.5483870967741935,0.30364717001170954,0.13967743993319143,0.75,0.4413793103448276,2
0.5967741935483871,0.4467316092100823,0.21771354671089638,0.0,0.09310344827586207,1
0.967741935483871,0.3383214333247741,0.852383244506562,0.0,0.058620689655172406,0
0.5483870967741935,0.14158276611677023,0.0,0.0,0.07241379310344827,1
0.7903225806451613,0.889637111356386,0.2796738443337412,0.0,0.06206896551724138,1
0.7258064516129032,0.1143019236741383,0.8717646854140448,0.0,0.49999999999999994,0
0.5806451612903226,0.028308621378070737,0.19281112084113827,0.0,0.3896551724137931,1
0.5806451612903226,0.6238187936335515,0.19538603399581284,0.0,0.37241379310344824,1
0.7096774193548387,0.19238354639524521,0.5048395608729188,1.0,0.5379310344827587,2
0.6290322580645161,0.7678019512339398,0.14851565535599334,0.0,0.06896551724137931,1
0.3548387096774194,0.8484634402429566,0.06546890676378651,0.0,0.06896551724137931,1
0.8225806451612903,0.25670005659842143,0.06733629873632077,0.75,0.21034482758620687,2
0.4193548387096775,0.4940988415472745,0.0070694124674511236,0.0,0.21724137931034482,1
0.7096774193548387,0.46786661593870704,0.8836649597234867,0.0,0.3,0
0.16129032258064518,0.05945657449145446,0.8977573898267732,0.0,0.6448275862068966,0
0.6612903225806451,0.2821243094925367,0.45266857272099886,0.0,0.32068965517241377,1
0.6129032258064516,0.8535532650298386,0.8714747177164464,0.0,0.058620689655172406,0
0.04838709677419356,0.047724837565219266,0.0,0.0,0.43103448275862066,3
0.5645161290322581,0.8853976072714856,0.31035863950833137,0.0,0.2689655172413793,1
0.04838709677419356,0.0498556807472605,0.03898905661909263,0.0,0.4689655172413793,3
0.5,0.1593279172721981,0.07165101807658626,0.0,0.4689655172413793,1
0.016129032258064557,0.07637762036575219,0.7966166569044209,0.0,0.6,0
0.11290322580645162,0.045882364012545765,0.1362906172252411,0.0,0.5758620689655173,3
0.5,0.25743408838226656,0.9882041140616933,0.0,0.3758620689655172,0
0.09677419354838712,0.05778887041112503,0.04270064314835327,0.0,0.2068965517241379,3
0.967741935483871,0.48462431957539087,0.18899514594074218,0.0,0.38275862068965516,1
0.8870967741935485,0.08634216905047747,1.0,0.0,0.09310344827586207,0
0.6451612903225806,0.5243937851975635,0.4268962437584453,0.0,0.006896551724137931,1
0.8548387096774193,0.2893127123281041,0.24537646506179212,0.0,0.17586206896551726,1
0.4838709677419355,0.25831398545649115,0.028735798832010113,0.0,0.04827586206896552,1
0.03225806451612906,0.09557134157080115,0.004297321278409587,0.0,0.7931034482758621,3
0.7903225806451613,0.5337896609068923,0.5430341060005914,0.0,0.23103448275862065,1
0.24193548387096775,0.36504503002673977,0.31035863950833137,0.0,0.3448275862068965,3
0.04838709677419356,0.0308857989048676,0.3310445216402893,0.0,0.9689655172413792,3
0.8387096774193548,0.10467817546048397,0.21229695011975666,0.0,0.27241379310344827,1
0.14516129032258068,0.04236613666703862,0.02655524174606949,0.0,0.13793103448275862,3
0.1774193548387097,0.08662112801594975,0.5798020100560799,0.0,0.09310344827586207,3
0.4838709677419355,0.33475143075700725,0.030011656701443457,0.0,0.43448275862068964,1
0.14516129032258068,0.060436627917137775,0.14125486420812722,0.0,0.37732047954517367,3
0.04838709677419356,0.10342655716238909,0.09197195432428826,0.0,0.41724137931034483,3
0.7903225806451613,0.3611389323198496,0.08940863987751764,0.0,0.48620689655172417,1
0.7419354838709677,0.1094332494887993,1.0,0.0,0.5137931034482759,0
0.532258064516129,0.9879079690846249,0.07339082426217719,0.0,0.34137931034482755,1
0.5967741935483871,0.33691441293630026,0.07056073953361595,0.0,0.4206896551724138,1
0.016129032258064557,0.07600657133216016,0.2524516768831952,0.0,0.9896551724137931,3
0.12903225806451613,0.4375965433287132,0.0,0.0,0.3793103448275862,3
0.6774193548387097,0.05259687270194949,0.262264183769928,0.0,0.4724137931034483,1
0.9838709677419355,0.3330528059238785,0.12401918426287312,0.0,0.7517241379310345,1
0.5483870967741935,0.47494477956864206,0.13140756119768257,0.0,0.41379310344827586,1
0.04838709677419356,0.008826530543654055,0.14182320089542025,0.0,0.20344827586206898,3
0.11290322580645162,0.0763023350545886,0.02697279523061131,0.0,0.5793103448275863,3
0.04838709677419356,0.04710978346062378,0.08791240655790944,0.0,0.47586206896551725,3
0.6451612903225806,0.08886019383278865,0.30347439295262507,0.0,0.33448275862068966,1
0.532258064516129,0.8931600606046756,0.11363834068884726,0.0,0.5586206896551724,1
0.14516129032258068,0.1814933916973746,0.33238997175714624,0.0,0.0,3
0.5483870967741935,0.36598811298711953,0.01755464441261243,0.0,0.2206896551724138,1
0.14516129032258068,0.3134577871227164,0.11233928540360602,0.0,0.43103448275862066,3
0.14516129032258068,0.5220861559723434,0.8423039673380386,0.0,0.0896551724137931,0
0.12903225806451613,0.069042680049527,0.27923309343339153,0.0,0.24137931034482757,3
0.6774193548387097,0.5058762874124305,0.42059814536660617,0.0,0.7896551724137931,1
0.5483870967741935,0.2638198960256078,0.6447431756102369,0.0,0.3758620689655172,0
0.9516129032258065,0.4701641623097534,0.011894474955489957,0.0,0.5275862068965518,1
0.03225806451612906,0.09415369227397939,0.2198245115494134,0.0,0.37732047954517367,3
0.4838709677419355,0.23900935285553154,0.6002969269223408,0.0,0.3620689655172414,0
0.5967741935483871,0.2266618896344226,0.47852209263888,0.0,0.21379310344827585,0
0.7419354838709677,0.4678766987928807,0.40034680136632783,0.0,0.5413793103448277,1
0.11290322580645162,0.3973599054631593,0.9525264885491755,0.0,0.7103448275862069,0
0.20967741935483875,0.9137371494023557,0.11737312463391578,0.0,0.21724137931034482,1
0.4838709677419355,0.6257594069668491,0.13827399627681478,0.0,0.41724137931034483,1
0.5645161290322581,0.40428077656798467,0.1960703577621453,0.0,0.044827586206896544,1
0.32258064516129037,0.3683575837179382,0.11307000400155423,0.0,0.906896551724138,1
0.8225806451612903,0.444431374077923,0.3930860102184616,0.0,0.296551724137931,1
0.5645161290322581,0.5578923877139751,0.2414445030823566,0.0,0.09310344827586207,1
0.6774193548387097,0.3053720102656899,0.8363190340596058,0.0,0.2827586206896551,0
0.14516129032258068,0.10976665586680955,0.24028463229196267,0.0,0.296551724137931,3
0.8225806451612903,0.3452281884337563,0.6277278711151577,0.0,0.14827586206896554,0
0.24193548387096775,0.05833334453650464,1.0,0.0,0.29310344827586204,0
0.7096774193548387,0.39317955412274463,0.013205128948635125,0.0,0.5310344827586208,1
0.29032258064516125,0.6628636381357744,0.34104260785348506,0.0,0.5379310344827587,1
0.5483870967741935,0.6427234730189545,0.07460868859209083,0.0,0.36551724137931035,1
0.7741935483870968,0.34562343631736525,0.01165090208950723,0.0,0.3620689655172414,1
0.8870967741935485,0.10764455115838553,0.9616314742537682,0.0,0.5965517241379311,0
0.14516129032258068,0.04703180938834718,0.05065735677045577,0.0,0.1586206896551724,3
0.6774193548387097,0.47928645657583585,0.8614534340874427,0.0,0.3586206896551724,0
0.06451612903225812,0.06392932860290629,0.33109091647190503,0.0,0.9448275862068966,3
0.6451612903225806,0.7138687642588364,0.46623906096860807,0.0,0.5206896551724138,1
0.22580645161290325,0.9047264387224621,0.11831261997413489,0.0,0.07241379310344827,1
0.8387096774193548,0.20412738274648884,0.5426629473476654,0.0,0.3620689655172414,1
0.32258064516129037,0.6597540859086064,0.07292687594601961,0.0,0.46551724137931033,1
0.9193548387096775,0.5270294432785678,0.023864341512355523,0.0,0.8655172413793104,1
0.5,0.24548321742532306,0.08327292339633363,0.0,0.18275862068965515,1
0.20967741935483875,0.647492663043113,1.0,0.0,0.15517241379310343,0
0.6612903225806451,0.329505657825572,0.799481537756694,0.0,0.393103448275862,0
0.5806451612903226,0.2679478165243192,0.15135733879245852,1.0,0.393103448275862,2
0.8548387096774193,0.321243767115645,0.11695557114937397,0.0,0.7448275862068966,1
0.6290322580645161,0.08127654311361228,0.10480012526604536,0.0,0.2655172413793103,1
0.967741935483871,0.16214977206027667,1.0,0.0,0.32068965517241377,0
0.08064516129032262,0.2940140111341598,0.6592183630743536,0.0,0.10689655172413794,0
0.5967741935483871,0.431532714828652,0.6598794894248781,0.0,0.38275862068965516,0
0.6129032258064516,0.10175549213066842,0.07325163976732992,0.0,0.44827586206896547,1
0.03225806451612906,0.09337327936093527,0.1821867044011297,0.0,0.9586206896551724,3
1.0,0.43693645247547513,0.3707468987954742,0.0,0.16206896551724137,1
0.5161290322580645,0.5720285492654977,1.0,0.0,0.34137931034482755,0
0.16129032258064518,0.12287839943428466,0.47178324334669114,0.0,0.6310344827586207,3
0.6290322580645161,0.3505189981138341,0.1384595756032778,0.0,0.2827586206896551,1
0.12903225806451613,0.030060349243180972,0.6597635023458386,0.0,0.38275862068965516,0
0.11290322580645162,0.12303838072050732,0.3397087564445321,0.0,0.5413793103448277,3
0.29032258064516125,0.0638164006361609,0.32461883746150677,0.0,0.36896551724137927,3
0.016129032258064557,0.6629234630705384,1.0,0.0,0.13793103448275862,0
0.6451612903225806,0.12431352567834084,0.07119866846833262,0.0,0.8896551724137931,1
0.3548387096774194,0.41636810215141223,0.08866632257166551,0.0,0.2068965517241379,1
0.3709677419354839,0.2697082828630466,0.09474404551332981,0.0,0.4379310344827586,3
0.04838709677419356,0.09073022718687025,0.3196893866023325,0.0,0.27586206896551724,3
0.06451612903225812,0.10059999704236278,0.04744451468106453,0.0,0.43103448275862066,3
0.14516129032258068,0.07764335465969023,0.4880098357043025,0.0,0.2827586206896551,3
0.8709677419354838,0.4852783607161246,0.28235314585955124,0.0,0.9724137931034483,1
0.6290322580645161,0.13774052648631355,0.8237460346917354,0.0,0.4724137931034483,0
0.8709677419354838,0.19082070399832224,0.6409735955414566,0.0,0.3137931034482758,0
0.5,0.8537273623119045,0.07134945167108384,0.0,0.7413793103448276,1
0.1774193548387097,0.28038132010104366,1.0,0.0,0.10344827586206896,0
0.903225806451613,0.3561606911191565,0.0,0.0,0.9655172413793104,1
0.6935483870967742,0.15904963049700405,1.0,0.0,0.13103448275862067,0
0.14516129032258068,0.49985077375822934,0.05251315003508608,0.0,0.4103448275862069,3
0.5806451612903226,0.49723662576612887,0.013437103106713914,0.0,0.044827586206896544,1
0.1774193548387097,0.6994247395598768,0.0,0.0,0.07586206896551724,1
0.8870967741935485,0.4305197240793346,0.48153775669390436,0.0,0.4103448275862069,1
0.5967741935483871,0.5019345636207934,0.18847320408506493,0.0,0.19655172413793104,1
0.0,0.029926583377809925,0.26990773227862414,0.0,0.1586206896551724,3
0.08064516129032262,0.0652696760177297,0.06971403385662836,0.0,0.30689655172413793,3
0.8225806451612903,0.4821150332666969,0.38414340642452427,0.0,0.8275862068965517,1
0.6290322580645161,0.7458818262603233,0.013901051422871492,0.030405405405405428,0.4689655172413793,1
0.016129032258064557,0.045782879851365296,0.359472954712845,0.0,0.9206896551724139,3
0.935483870967742,0.2919792911619078,0.2708356289109393,0.0,0.8137931034482759,1
0.6129032258064516,0.7096736247323002,0.0015948223367916806,0.0,0.07931034482758621,1
0.12903225806451613,0.010061344084792773,0.21104428966613117,0.0,0.10344827586206896,3
0.08064516129032262,0.10941711692212139,0.6605754118991145,0.0,0.15517241379310343,0
0.14516129032258068,0.08045311002276039,0.48553931092076347,0.0,0.393103448275862,3
0.14516129032258068,0.384978832728138,0.5737242871144155,0.0,0.9793103448275863,0
0.903225806451613,0.5041252317375985,0.3664321794552087,0.0,0.006896551724137931,1
0.6129032258064516,0.6387474675231267,0.2128188919754339,0.0,0.8896551724137931,1
0.6612903225806451,0.27419649735089807,0.22839595669042467,0.0,0.5793103448275863,1
0.08064516129032262,0.07845737708664668,0.2951929155092123,0.0,0.44482758620689655,3
0.12903225806451613,0.6391467485484051,0.3367278885132196,0.0,0.3793103448275862,3
0.32258064516129037,0.7991092134432679,0.7271983900993428,0.0,0.2586206896551724,0
0.467741935483871,0.6343910023298116,0.09560234989822133,0.0,0.006896551724137931,1
0.29032258064516125,0.3176522544589742,1.0,0.0,0.5482758620689655,0
0.14516129032258068,0.012893281727045038,0.6052263777815152,0.0,0.4275862068965517,3
0.11290322580645162,0.09036119472411296,0.26111591168743803,0.0,0.5241379310344828,3
0.7419354838709677,0.7463577369773218,0.13278780743825136,0.0,0.28965517241379307,1
0.03225806451612906,0.03980374732636317,0.9096112693045995,0.0,0.25517241379310346,0
0.6290322580645161,0.9022406790735068,0.0,0.0,0.5344827586206897,1
0.03225806451612906,0.03772735155685991,0.014457789402260585,0.0,0.5275862068965518,3
0.08064516129032262,0.016232050839095128,0.4816421450650397,0.0,0.30689655172413793,3
0.467741935483871,0.5150933605077457,1.0,0.0,0.16896551724137931,0
0.1774193548387097,0.6542259930603077,0.21245933203041178,0.0,0.15172413793103445,1
0.4193548387096775,0.011260531541184424,0.03039441406227346,0.0,0.5551724137931034,3
0.19354838709677424,0.35602087554128126,0.17398641791304448,0.0,0.5586206896551724,3
0.5645161290322581,0.5080582170556185,0.396287253599949,0.0,0.05172413793103449,1
0.16129032258064518,0.1226632985452458,0.6638114514043136,0.0,0.9448275862068966,0
0.8064516129032258,0.4577864505261233,0.06584006541671257,0.0,0.40344827586206894,1
0.29032258064516125,0.49915438462996603,0.1696948959885869,0.0,0.4724137931034483,1
0.4032258064516129,0.8046016802068197,0.6596939100984152,0.0,0.34137931034482755,0
0.8709677419354838,0.08901278102595059,0.02562734511375432,0.0,0.4103448275862069,1
0.08064516129032262,0.10065242788406602,0.535262971704952,0.0,0.14482758620689656,3
0.6774193548387097,0.7814359866476124,0.7231968358724838,0.0,0.11379310344827585,0
0.16129032258064518,0.6109208065745588,0.04891755058486484,0.0,0.08275862068965517,3
0.967741935483871,0.3222896951885964,0.8816815806719132,0.0,0.30689655172413793,0
0.04838709677419356,0.4085249859848327,0.31035863950833137,0.0,0.36896551724137927,3
0.7903225806451613,0.4749911606978411,0.20014150423642807,0.0,0.05517241379310345,1
0.6129032258064516,0.30945354963520233,0.7647202101685873,0.0,0.07241379310344827,0
0.7903225806451613,0.07840897938661294,0.09135722280537947,0.0,0.1586206896551724,1
0.6612903225806451,0.3824292150027493,0.4745321371199248,0.0,0.43103448275862066,1
0.6774193548387097,0.3782986057429249,0.039696577801232945,0.0,0.1896551724137931,1
0.25806451612903225,0.48922882298137904,0.9843417443296816,0.0,0.37732047954517367,0
0.11290322580645162,0.09257135635898726,0.06335794192526953,0.0,0.3275862068965517,3
0.16129032258064518,0.048630277870017224,0.28499765126164944,0.0,0.12413793103448274,3
0.14516129032258068,0.06205458991687697,0.19388980067620465,0.0,0.18275862068965515,3
0.1774193548387097,0.3983560914555205,0.049021938956000294,0.75,0.9137931034482759,2
0.532258064516129,0.9647342092420788,0.16331560664142014,0.0,0.3172413793103448,1
0.3870967741935484,0.354465427237419,0.12133988273706309,0.0,0.7689655172413793,1
0.6612903225806451,0.6081191174948276,0.339337597791606,0.0,0.3137931034482758,1
0.6612903225806451,0.178532393521699,0.5692123897397829,0.0,0.10689655172413794,0
0.3709677419354839,0.162843472427427,0.36226824331769436,0.0,0.3379310344827586,3
0.7903225806451613,0.09394128014605352,0.9049833848509274,0.0,0.18620689655172412,0
0.1774193548387097,0.08095254739949748,0.06543411064007469,0.0,0.21379310344827585,3
0.11290322580645162,0.12164291370286773,0.3056781474543736,0.0,0.41724137931034483,3
0.11290322580645162,0.021670742380387104,0.33421096889806473,0.0,0.3172413793103448,3
0.7419354838709677,0.5045043470545295,0.3889336727888513,0.0,0.03793103448275863,1
0.20967741935483875,0.04983013751668712,0.0812083533894324,0.0,0.044827586206896544,3
0.16129032258064518,0.040880596152113965,0.6825201672533678,0.0,0.24137931034482757,0
0.14516129032258068,0.08450238425891694,0.28143684793514,0.0,0.3896551724137931,3
0.6935483870967742,0.9032146827866858,1.0,0.0,0.5103448275862069,0
0.9193548387096775,0.4810919596632058,0.0,0.0,0.18620689655172412,1
0.8225806451612903,0.3279623089467182,0.055331636055743386,0.0,0.3103448275862069,1
0.5967741935483871,0.10232416510606492,0.4996433397319538,0.0,0.4586206896551724,0
0.12903225806451613,0.28907744573071786,0.05507646448185671,0.0,0.43448275862068964,3
0.4838709677419355,0.1310851705413955,0.07545539426907842,0.0,0.3448275862068965,3
0.6451612903225806,0.9144254722472801,0.49318285942945955,1.0,0.2655172413793103,2
0.7419354838709677,0.8922411764943127,0.17966978478597484,0.0,0.20344827586206898,1
0.06451612903225812,0.2192671243834335,0.037643606502235645,0.0,0.20344827586206898,3
0.6774193548387097,0.9021136351109182,0.35837107746197067,0.0,0.3310344827586207,1
0.6290322580645161,0.40389292277743644,0.12732481601549586,0.0,0.4413793103448276,1
0.30645161290322587,0.6637569790155641,0.5692355871555907,0.0,0.1206896551724138,0
0.3709677419354839,0.9245930223960358,0.8384531963139306,0.0,0.5620689655172414,0
0.24193548387096775,0.6590140044122571,0.19057257021567797,0.0,0.15517241379310343,1
0.16129032258064518,0.09722963498723512,0.2424651893779033,0.0,0.08620689655172413,3
0.9838709677419355,0.4740601771624698,0.39836342231475413,0.0,0.506896551724138,1
0.5806451612903226,0.2016765769920023,0.8170187841074505,0.0,0.11724137931034483,0
0.6129032258064516,0.08683958985637984,1.0,0.0,0.32413793103448274,0
0.6290322580645161,0.473307996241112,0.31943421502844577,0.0,0.43103448275862066,1
0.08064516129032262,0.015050340329937874,1.0,0.0,0.21724137931034482,0
0.16129032258064518,0.03222547412941276,0.09532398090852678,0.0,0.47586206896551725,3
0.0,0.40657832293903107,0.09792209147900924,0.0,0.32413793103448274,3
0.6129032258064516,0.3762248987345346,0.034616343739307436,0.0,0.8758620689655173,1
0.33870967741935487,0.6359699772934125,0.28086851124784695,0.0,0.7413793103448276,1
0.5645161290322581,0.13020729003800566,1.0,0.0,0.6931034482758621,0
0.06451612903225812,0.005807724004049275,0.3148527254063897,0.0,0.8448275862068966,3
0.12903225806451613,0.5659055680209509,0.5628215016847122,0.0,0.4689655172413793,0
0.14516129032258068,0.08970177606115319,0.01165090208950723,0.0,0.07586206896551724,3
0.03225806451612906,0.04869615251728539,0.4879750395805907,0.0,0.5724137931034483,3
0.8064516129032258,0.38332591683393,0.32050129615560824,0.0,0.7379310344827587,1
0.5645161290322581,0.20389009957826784,1.0,0.0,0.5344827586206897,0
0.5161290322580645,0.3544755100915926,0.010711406749288128,0.0,0.396551724137931,1
0.20967741935483875,0.45378960713167,0.12444833645531886,0.0,0.0,3
0.08064516129032262,0.09874273530356786,0.14320344713598906,0.0,0.07241379310344827,3
0.0,0.04230429516143995,0.040763658928395376,0.0,0.2517241379310345,3
0.467741935483871,0.8795031707215426,0.1238684010601219,0.5,0.40344827586206894,2
0.09677419354838712,0.2553711364183282,0.16855822261400077,0.0,0.3137931034482758,3
0.7258064516129032,0.32199998117867223,0.0,0.0,0.07586206896551724,1
0.7419354838709677,0.5095706451816729,0.007614551738936281,0.0,0.3172413793103448,1
0.6290322580645161,0.4032960178103536,0.12848468680588981,0.0,0.09999999999999999,1
0.5967741935483871,0.09825069201989148,0.03542825329258321,0.0,0.2,1
0.6290322580645161,0.9163002109333094,0.2641547731582702,0.0,0.13103448275862067,1
0.6774193548387097,0.38243929785692293,0.2498999611443285,0.0,0.296551724137931,1
0.33870967741935487,0.0904835333547538,0.18441365631868611,0.0,0.08275862068965517,3
0.7419354838709677,0.007115134095238607,0.8660581211253067,0.0,0.806896551724138,0
0.6290322580645161,0.20004046585475044,0.020848677457331252,0.0,0.09655172413793102,1
0.11290322580645162,0.12648940560902458,0.0,0.0,0.14482758620689656,3
0.6290322580645161,0.2029241621484277,0.31035863950833137,0.0,0.33448275862068966,1
0.4516129032258065,0.198378139296647,0.09911675839311501,0.0,0.6517241379310346,1
0.14516129032258068,0.5688887484758086,0.3402654944239212,0.0,0.11034482758620691,3
0.6612903225806451,0.5276350867192678,0.2801609900657067,0.0,0.9758620689655172,1
0.04838709677419356,0.10745364911936353,0.847546583310619,0.0,0.18620689655172412,0
0.08064516129032262,0.01251685517122703,0.07649927798043298,0.0,0.503448275862069,3
0.08064516129032262,0.07079709667575021,0.5346250427702355,0.0,0.6103448275862069,3
0.08064516129032262,0.26721109597936105,0.3526645131732325,0.0,0.41379310344827586,3
0.8064516129032258,0.7076375603794919,0.36806759726966415,0.0,0.08620689655172413,1
0.467741935483871,0.5175912195817095,0.0,0.0,0.6448275862068966,1
0.5645161290322581,0.03582169211803124,0.8367365875441477,0.75,0.22413793103448276,2
0.24193548387096775,0.055234547353788535,0.46452245219882504,0.0,0.21724137931034482,3
0.0,0.33691441293630026,0.07986290327257543,0.0,0.2,3
0.9193548387096775,0.37438108080130456,0.09614748916970649,0.0,0.21724137931034482,1
0.6451612903225806,0.3979097571107649,0.002418330597971384,0.0,0.13103448275862067,1
0.532258064516129,0.4086278310974044,1.0,0.0,0.3379310344827586,0
0.4516129032258065,0.2591589286362469,0.2309012775976756,0.0,0.3586206896551724,1
0.7096774193548387,0.925512578696677,0.2348912331166308,0.0,0.3172413793103448,1
0.4032258064516129,0.2727929640499196,0.37791490028010877,0.0,0.27241379310344827,3
0.016129032258064557,0.0661031919627553,0.783916071749607,0.0,0.17586206896551726,0
0.22580645161290325,0.6515547088945564,0.039870558419792035,0.0,0.1413793103448276,1
0.967741935483871,0.3375732855450858,0.49222016667343255,0.0,0.044827586206896544,1
0.33870967741935487,0.08604237218637956,0.32821443691172797,0.0,0.14482758620689656,3
0.7741935483870968,0.7742186796300804,0.0,0.0,0.5517241379310345,1
0.20967741935483875,0.6033828647943031,0.18255786305405575,0.0,0.5206896551724138,1
0.06451612903225812,0.1158143518001928,0.49028318245347463,0.0,0.21724137931034482,3
0.8548387096774193,0.27278019243463286,0.5840703345647296,0.0,0.10344827586206896,0
0.5161290322580645,0.9579437430512331,0.8381516299084282,0.0,0.393103448275862,0
0.7419354838709677,0.13815459569771335,0.15668114572036673,0.0,0.09655172413793102,1
0.532258064516129,0.5552594183940838,0.06926168424837473,0.0,0.47586206896551725,1
0.14516129032258068,0.3578304117703207,0.4969640382061438,0.0,0.02413793103448276,3
0.5483870967741935,0.7503418087564884,0.0,0.0,0.9172413793103449,1
0.4838709677419355,0.8312345312212219,0.09461645972638646,0.0,0.40344827586206894,1
0.12903225806451613,0.1633415654236076,0.2794070740519506,0.0,0.21034482758620687,3
0.4838709677419355,0.4127772616850197,0.8337209234891232,0.0,0.9655172413793104,0
0.29032258064516125,0.770647332681757,1.0,0.25,0.33448275862068966,0
0.33870967741935487,0.9064358186000429,0.07913218467462724,0.0,0.4551724137931034,1
0.09677419354838712,0.07129182872053959,1.0,0.0,0.29310344827586204,0
0.4838709677419355,0.4937808955456639,0.21624051080709608,0.0,0.20344827586206898,1
0.11290322580645162,0.08859871181455077,0.16114664826338346,0.0,0.14827586206896554,3
0.6451612903225806,0.40608964060674585,0.539890856158624,0.0,0.9206896551724139,0
0.03225806451612906,0.021182060048101938,0.18194313153514696,0.0,0.6965517241379311,3
0.5645161290322581,0.4175625842758562,0.3010270655848938,0.0,0.7862068965517242,1
0.6774193548387097,0.5371936324759323,0.22170350222985158,0.0,0.4241379310344827,1
0.20967741935483875,0.4119101362260818,0.14007179600192537,0.0,0.013793103448275862,3
0.12903225806451613,0.32768805531319367,0.70513764766605,1.0,0.4206896551724138,2
0.19354838709677424,0.5807898773521619,0.31035863950833137,0.0,0.06206896551724138,3
0.6612903225806451,0.4741489062791983,0.0,1.0,0.16551724137931034,2
0.22580645161290325,0.4955709382566342,0.011882876247586018,0.0,0.07931034482758621,3
0.1774193548387097,0.15225445897421078,0.3519569919910922,0.0,0.20344827586206898,3
0.532258064516129,0.19829882084381392,0.1929619040438895,0.0,0.4379310344827586,1
0.4193548387096775,0.46288030845467487,0.8125648802723375,0.0,0.7965517241379311,0
0.7580645161290323,0.48862586830179194,0.23998306588646023,0.0,0.4827586206896552,1
0.8064516129032258,0.32998224073284876,0.07390116740995052,0.0,0.5413793103448277,1
0.43029748107928134,0.4476094897134722,0.4813753747832491,0.0,0.05172413793103449,0
0.5483870967741935,0.6530866305386799,0.6683001513631381,0.0,0.44827586206896547,0
0.5483870967741935,0.2882829168218306,0.21357280798918998,0.0,0.3379310344827586,1
0.8870967741935485,0.4481418644138434,0.32643983460242526,0.0,0.24137931034482757,1
0.532258064516129,0.0943345114588277,0.3825311860258767,0.0,0.46551724137931033,1
0.7258064516129032,0.42918878732840665,0.38023464186089667,0.0,0.3,1
0.11290322580645162,0.04935758775107987,0.0005393399175331846,0.0,0.43103448275862066,3
0.3709677419354839,0.5697081484249911,0.16939332958308442,0.0,0.48620689655172417,1
0.06451612903225812,0.100276001328248,0.023272807409254602,0.0,0.7724137931034483,3
0.903225806451613,0.2535031196350814,0.393028016678942,0.0,0.6241379310344828,1
0.3548387096774194,0.6068822873828541,0.025928911519256748,0.0,0.36896551724137927,1
0.5,0.14292378572187187,0.043454559162109344,0.0,0.15517241379310343,1
0.43029748107928134,0.16927162805829774,0.5596782518427448,0.0,0.4413793103448276,0
0.08064516129032262,0.00751172635940401,0.0,0.0,0.18275862068965515,3
0.04838709677419356,0.5616714414582765,0.20134776985843778,0.0,0.1724137931034483,3
1.0,0.4160434342470192,0.27751648466360845,0.0,0.058620689655172406,1
0.532258064516129,0.6332785274193138,0.24874009035393457,0.0,0.1586206896551724,1
0.6935483870967742,0.7860505729077744,0.2571259561684828,0.0,0.489655172413793,1
0.5483870967741935,0.33744691377277547,0.576113620942627,0.0,0.05517241379310345,0
0.5806451612903226,0.5548816474577092,0.15694791600215735,0.0,0.14827586206896554,1
0.11290322580645162,0.08053847818809767,0.07997889035161483,0.0,0.506896551724138,3
0.6290322580645161,0.40073900599190415,0.4969060446666242,0.0,0.17586206896551726,1
0.7903225806451613,0.5032970933147989,0.31035863950833137,0.0,0.16551724137931034,1
0.09677419354838712,0.0016535880844862506,1.0,0.030405405405405428,0.4379310344827586,0
0.09677419354838712,0.4668892512741367,0.046307841306478456,0.0,0.2655172413793103,3
0.3709677419354839,0.5260574561362235,0.04506677956075693,0.0,0.9137931034482759,1
0.03225806451612906,0.12022324783521121,1.0,0.0,0.44482758620689655,0
0.12903225806451613,0.11210856679622015,0.43806579946993907,0.0,0.27586206896551724,3
0.19354838709677424,0.3007870003777709,0.049741058846044545,0.0,0.05517241379310345,3
0.14516129032258068,0.6162922790880261,0.5793728578636341,0.0,0.1586206896551724,0
0.6612903225806451,0.6485432964480121,0.36662935748957565,0.0,0.3275862068965517,1
0.016129032258064557,0.0014781464218639288,0.1877656829029246,0.0,0.5620689655172414,3
0.5,0.31036772841361754,0.061038200344481625,0.0,0.45172413793103444,1
0.03225806451612906,0.07197342966268148,1.0,0.0,0.25517241379310346,0
0.24193548387096775,0.5180220935500655,0.259782060278485,0.0,0.07241379310344827,1
0.7419354838709677,0.49619473083484694,0.17663092331514268,0.0,0.7931034482758621,1
0.4516129032258065,0.5641881218600313,0.5320501296155609,0.0,0.9448275862068966,0
0.1774193548387097,0.5978070464362489,0.5052919104811724,0.0,0.32068965517241377,0
0.33870967741935487,0.30084077560003064,0.26421276669778987,0.0,0.11379310344827585,3
0.32258064516129037,0.3870834604893276,0.0,0.0,0.5310344827586208,1
0.5967741935483871,0.13458324874938998,0.48601485794482496,0.0,0.23448275862068962,0
0.03225806451612906,0.06354954109569706,0.12958656405676408,0.0,0.5517241379310345,3
0.467741935483871,0.7014500488682334,0.008217684549941137,0.0,0.2862068965517241,1
0.14516129032258068,0.3198792208508047,0.6145169428125707,0.0,0.10689655172413794,0
0.5967741935483871,0.6368444968454111,0.005979133924480812,0.0,0.09310344827586207,1
0.5161290322580645,0.3597663197716704,0.47261835031577476,0.0,0.24482758620689654,0
0.0,0.09709049159963812,0.14619591377520544,0.0,0.34137931034482755,3
0.6451612903225806,0.48201151596384695,1.0,0.0,0.37732047954517367,0
0.016129032258064557,0.10157803389721137,0.11377752518369455,0.0,0.14482758620689656,3
0.8709677419354838,0.4066616745335336,0.30147941519314747,0.0,0.19655172413793104,1
0.14516129032258068,0.0504781289449167,0.6664907529301236,0.0,0.044827586206896544,0
0.3870967741935484,0.6076963098098106,0.158165780332071,0.0,0.5724137931034483,1
0.4032258064516129,0.42514287404364126,0.44042033717443874,0.0,0.37241379310344824,1
0.12903225806451613,0.007619948994201688,0.6948843898789674,0.0,0.44827586206896547,0
0.016129032258064557,0.008588575185154813,0.22242262211989583,0.0,0.06896551724137931,3
0.6290322580645161,0.11372384003484635,0.237152981157899,0.0,0.489655172413793,1
0.25806451612903225,0.2914771650240577,0.30784710583241026,0.0,0.4551724137931034,3
0.6451612903225806,0.23794258688395445,0.04854639193193877,0.0,0.3,1
0.22580645161290325,0.764992868061148,0.016731136151432728,0.0,0.23448275862068962,1
0.7580645161290323,0.501851884216569,1.0,0.0,0.5862068965517242,0
0.4838709677419355,0.33691441293630026,0.5069041308798199,0.0,0.3,0
0.06451612903225812,0.3623307256831806,0.47370862885874515,0.0,0.36551724137931035,3
0.7903225806451613,0.6383912066756562,0.24629276298620334,0.0,0.36551724137931035,1
0.7258064516129032,0.9618498407581233,0.059286795450986765,0.0,0.13103448275862067,1
0.5645161290322581,0.6478132978058366,0.31181386393555754,0.0,0.3620689655172414,1
0.24193548387096775,0.04356397974287378,0.11904333857208307,0.0,0.9862068965517242,3
0.14516129032258068,0.07287752558692295,0.2380924764981181,0.0,0.9172413793103449,3
0.12903225806451613,0.09970934492368624,0.27402527358452267,0.0,0.5586206896551724,3
0.8548387096774193,0.11350268943330327,0.04963667047490909,0.0,0.3620689655172414,1
0.22580645161290325,0.967478762148159,0.20718191993411933,0.0,0.5344827586206897,1
0.32258064516129037,0.42126635270899404,0.4842170582197142,0.0,0.7620689655172415,0
0.6612903225806451,0.06963084654299263,0.18813684155585067,0.0,0.16896551724137931,1
0.25806451612903225,0.3389553087571605,0.22222544408552886,0.030405405405405428,0.30344827586206896,3
0.5,0.9356989501732236,0.2562676517835913,0.0,0.3620689655172414,1
0.16129032258064518,0.3929086614406113,1.0,0.0,0.3586206896551724,0
0.11290322580645162,0.08730340114836987,0.384584157324874,0.0,0.903448275862069,3
0.20967741935483875,0.7531596304028975,0.5818201852313651,0.0,0.04827586206896552,0
0.5483870967741935,0.006171378944580601,0.023423590612005822,0.0,0.22758620689655168,3
0.3870967741935484,0.2935367560366048,0.03534706233725563,0.0,0.08275862068965517,1
0.5645161290322581,0.10672028952579667,0.22201666734325795,0.0,0.006896551724137931,1
0.4032258064516129,0.5023412387391324,0.21300447130189695,0.0,0.9482758620689655,1
0.7096774193548387,0.17048762027164557,0.3384908921146184,0.0,0.27586206896551724,1
0.20967741935483875,0.2152870857459363,0.4495369215869352,0.5,0.5413793103448277,2
0.14516129032258068,0.02312065681056468,0.004645282515527767,0.0,0.46206896551724136,3
0.9838709677419355,0.22770580113653935,0.2557689073437219,0.0,0.35172413793103446,1
0.33870967741935487,0.4743868616376975,0.0,0.0,0.43448275862068964,1
0.08064516129032262,0.10057714257290241,0.0,0.0,0.24482758620689654,3
0.24193548387096775,0.27458972866367226,0.2508742526082594,0.0,0.493103448275862,3
0.4193548387096775,0.4124848589139825,0.34967204653401607,0.0,0.32413793103448274,1
0.4032258064516129,0.22505602705969185,0.06798582637894139,0.0,0.9413793103448276,3
0.1774193548387097,0.6811935948332768,0.05678147454373583,0.0,0.19655172413793104,1
0.25806451612903225,0.5759985050488212,0.0,0.0,0.5586206896551724,1
0.7258064516129032,0.5442556635391894,0.40372202536637414,0.0,0.17586206896551726,1
0.09677419354838712,0.07047847848386139,0.37588512639691934,0.5,0.07586206896551724,3
0.8225806451612903,0.5568155388882243,0.0,0.75,0.0034482758620689655,2
0.33870967741935487,0.9656100731746338,0.23963510464934207,0.0,0.2689655172413793,1
0.4838709677419355,0.3760588677358077,0.7216542077212598,0.0,0.18620689655172412,0
0.20967741935483875,0.0752590957427501,0.26115070781114985,0.0,0.3379310344827586,3
0.532258064516129,0.40501144740043854,0.1799017589440536,0.0,0.11034482758620691,1
0.1774193548387097,0.18555140440714837,1.0,0.0,0.37241379310344824,0
0.14516129032258068,0.02087352471038682,0.025047409718557352,0.0,0.34137931034482755,3
0.8064516129032258,0.2843559812163149,0.011268144728677223,0.0,0.027586206896551724,1
0.3548387096774194,0.9307711232433988,0.8974442247133669,0.0,0.28965517241379307,0
0.03225806451612906,0.015590781313648019,0.3396043680733966,0.25,0.07931034482758621,3
0.14516129032258068,0.07311951408709166,1.0,0.0,0.034482758620689655,0
0.11290322580645162,6.385807643341252e-05,0.9173592061844311,0.0,0.0034482758620689655,0
0.11290322580645162,0.07017532066837225,0.40451073750384203,0.0,0.14827586206896554,3
0.12903225806451613,0.5782866407559721,0.5506660558013836,0.0,0.3586206896551724,0
0.6935483870967742,0.4115155605327512,1.0,0.0,0.396551724137931,0
0.5,0.002333172455793406,0.3424228540940539,0.0,0.6482758620689656,3
0.532258064516129,0.302238259188505,0.08000208776742271,0.0,0.13103448275862067,1
0.7419354838709677,0.06455244899084074,0.33832851020396326,0.0,0.18275862068965515,1
0.29032258064516125,0.6141688299990455,0.36839236109097445,0.0,0.2,1
0.6129032258064516,0.6253641590832401,0.6655744550057123,0.5,0.7000000000000001,2
0.7741935483870968,0.8892734564158546,0.41294299815000607,0.0,0.18275862068965515,1
0.12903225806451613,0.016131894487636408,0.5646772949493426,0.0,0.45172413793103444,3
0.29032258064516125,0.4667272534170793,0.1017844612110211,0.0,0.08275862068965517,1
0.19354838709677424,0.6171110068469303,0.061908103437277096,0.0,0.5241379310344828,1
0.6129032258064516,0.5739234536598745,0.10942800971971722,0.0,0.17931034482758618,1
0.16129032258064518,0.326437109205377,0.3010966578323174,0.0,0.013793103448275862,3
0.7258064516129032,0.33691441293630026,0.3711064587404963,0.75,0.38275862068965516,2
0.7096774193548387,0.7861540902106242,0.27343373948142174,0.0,0.3172413793103448,1
0.6612903225806451,0.4843493937515881,0.36885630940713204,0.0,0.6551724137931035,1
0.14516129032258068,0.20545495854602555,0.04220189870848387,0.0,0.2655172413793103,3
0.11290322580645162,0.12371998166264922,1.0,0.0,0.09999999999999999,0
0.4516129032258065,0.061742021437492356,0.14534920809821786,0.0,0.23103448275862065,3
0.5161290322580645,0.818158413738494,0.22692292078662435,0.0,0.6724137931034483,1
0.3709677419354839,0.5237451215790557,0.05259434099041366,0.25,0.034482758620689655,1
0.6774193548387097,0.27219538689255846,0.33888524818335236,0.0,0.044827586206896544,1
0.04838709677419356,0.0741331770266873,0.1105994792180151,0.0,0.5896551724137932,3
0.6935483870967742,0.12043969310480657,0.7648593946634346,0.0,0.5137931034482759,0
0.12903225806451613,0.06442069969630443,0.015849634350733326,0.0,0.09655172413793102,3
0.7903225806451613,0.05979065305974293,0.3313460880457917,0.0,0.5275862068965518,1
0.6774193548387097,0.4889740628659236,0.32308780801818676,0.0,0.2206896551724138,1
0.5483870967741935,0.625262658351225,0.10482332268185325,0.0,0.5310344827586208,1
0.29032258064516125,0.38299183826564154,0.4238921784113249,0.0,0.2379310344827586,3
0.11290322580645162,0.09395069080994897,1.0,0.0,0.21034482758620687,0
0.3548387096774194,0.35850529080968013,0.0,0.0,0.07931034482758621,1
0.4838709677419355,0.6049416740495566,0.22389565802369615,0.0,0.6655172413793103,1
0.467741935483871,0.31254898586652724,0.5866104515956923,0.0,0.08275862068965517,0
0.24193548387096775,0.5601859009433519,0.6637998526964095,0.0,0.4275862068965517,0
0.03225806451612906,0.09871114236049028,0.15149652328730578,0.0,0.906896551724138,3
0.8870967741935485,0.47260555740034443,0.1861186663805652,1.0,0.28965517241379307,2
0.14516129032258068,0.06717802421767136,0.04788526558141423,0.0,0.24482758620689654,3
0.9516129032258065,0.145927131885077,0.3232733873446498,0.0,0.3137931034482758,1
0.20967741935483875,0.14698650376359337,1.0,0.0,0.16896551724137931,0
0.7419354838709677,0.4707738388921229,0.16996166627037748,0.0,0.031034482758620682,1
0.20967741935483875,0.8849163190322612,0.04650501934084543,0.0,0.23103448275862065,1
0.33870967741935487,0.5506246664255745,0.5897884975613716,0.0,0.5689655172413793,0
0.08064516129032262,0.03701012452997095,0.602373095637146,0.0,0.3448275862068965,3
0.435483870967742,0.5294526892316462,0.047305330186217256,0.0,0.603448275862069,1
0.8548387096774193,0.309809810482673,0.1390511097063787,0.0,0.8551724137931035,1
0.3870967741935484,0.41721640628255924,0.036008188687780184,0.0,0.5793103448275863,1
0.6935483870967742,0.4643685377307125,0.12526024600859464,0.0,0.7241379310344828,1
0.016129032258064557,0.12585956331830767,0.9126269333596237,0.0,0.5689655172413793,0
0.7419354838709677,0.1481043561963172,0.20541891633272052,0.0,0.34137931034482755,1
0.4838709677419355,0.402372428368043,0.6094715048743569,0.0,0.5206896551724138,0
0.9516129032258065,0.25328936312659894,0.004772868302471107,0.0,0.26206896551724135,1
0.3548387096774194,0.7425074310635261,0.02311042549859945,0.0,0.4241379310344827,1
0.532258064516129,0.14122448869846488,0.2983013692274681,0.0,0.5620689655172414,1
0.7903225806451613,0.3896041740327518,0.7508945503470914,0.0,0.4724137931034483,0
0.6290322580645161,0.21358173901002508,0.3802114444450888,0.0,0.2068965517241379,1
0.8225806451612903,0.8046695714249226,0.06185010989775738,0.25,0.9310344827586207,1
0.9516129032258065,0.0901145008919965,0.0688673281796408,0.0,0.8827586206896552,1
0.22580645161290325,0.48074847043102187,0.46230709898917255,0.0,0.2206896551724138,0
0.24193548387096775,0.5844102941907974,0.08204346035851606,0.0,0.5379310344827587,1
0.25806451612903225,0.17040494086742125,1.0,0.0,0.0896551724137931,0
0.435483870967742,0.46031321378205176,0.0,0.0,0.21724137931034482,1
0.08064516129032262,0.04645372574905525,0.054832891615873985,0.0,0.393103448275862,3
0.1774193548387097,0.6431200652831199,0.6845731385523652,0.0,0.11034482758620691,0
0.14516129032258068,0.08607396512945714,0.0,0.0,0.4206896551724138,3
0.7741935483870968,0.2772791619669363,0.31659253159198064,0.0,0.296551724137931,1
0.0,0.06968193300413937,0.3742149124587521,0.0,0.5482758620689655,3
0.8225806451612903,0.5232302238259189,0.09473244680542588,0.0,0.503448275862069,1
0.03225806451612906,0.6268718818773469,1.0,0.0,0.37732047954517367,0
0.5806451612903226,0.24053589697742922,0.013402306983002092,0.0,0.05517241379310345,1
0.532258064516129,0.22708671389027438,0.3109787569664739,0.0,0.6172413793103448,1
0.06451612903225812,0.03789002160419554,0.06977202739614806,0.0,0.20344827586206898,3
0.8225806451612903,0.03514479650783707,0.31035863950833137,0.0,0.9724137931034483,1
0.903225806451613,0.21196243262972939,0.6593343501533928,0.0,0.22758620689655168,0
0.0,0.0388243660909581,0.48265123265268245,0.0,0.5241379310344828,3
0.6612903225806451,0.9915593066760595,0.13743888930773113,0.0,0.5344827586206897,1
0.12903225806451613,0.3767055147834808,0.052895907395916084,0.0,0.26206896551724135,3
0.11290322580645162,0.11733753497069924,0.0,0.0,0.041379310344827586,3
0.11290322580645162,0.03875445830202047,0.22872072051173498,0.0,0.18275862068965515,3
0.20967741935483875,0.18210441266030059,0.021892561168685806,0.0,0.21379310344827585,3
0.7903225806451613,0.7078284624185138,1.0,0.0,0.37732047954517367,0
0.09677419354838712,0.0731141365648657,0.3707237013796663,0.0,0.4551724137931034,3
0.4032258064516129,0.5561117556669002,0.4731170947556442,0.0,0.22413793103448276,1
0.8709677419354838,0.3274689212824853,0.4005323806927908,0.5,0.21034482758620687,2
0.3870967741935484,0.28211019349669353,0.23750094239501718,0.0,0.07241379310344827,3
0.06451612903225812,0.027803806479107653,0.8134231846572291,0.0,0.4413793103448276,0
0.3870967741935484,0.6990967107040926,0.45242499985501616,0.0,0.3310344827586207,1
0.467741935483871,0.2145503652009782,0.4776057947144688,0.0,0.06551724137931035,0
0.12903225806451613,0.6452791404568474,0.4646036431541526,0.0,0.19655172413793104,0
0.16129032258064518,0.06392663984179331,0.0067794447698526356,0.0,0.06896551724137931,3
0.3870967741935484,0.5561641865086034,0.813863935557579,0.0,0.37732047954517367,0
0.5967741935483871,0.6745180731800112,0.4379962072225154,0.0,0.45172413793103444,1
0.11290322580645162,0.008353980778046805,0.30835744898018363,0.0,0.8931034482758621,3
0.8387096774193548,0.09251892551728405,0.25957328353621406,0.0,0.13793103448275862,1
0.12903225806451613,0.59362064538333,0.2572419432475222,0.0,0.020689655172413793,3
0.7419354838709677,0.060824481707685965,0.5140953297802624,0.0,0.34137931034482755,0
0.3709677419354839,0.4984499292183638,0.2092812860647324,0.0,0.1896551724137931,1
0.08064516129032262,0.014649042733824752,0.006002331340288693,0.75,0.32068965517241377,2
0.03225806451612906,0.05818680705584692,0.091832769829441,0.5,0.1724137931034483,3
0.6451612903225806,0.4938037500151243,0.3813829139433867,0.0,0.05172413793103449,1
0.08064516129032262,0.03488869201182518,0.13172072631108894,0.0,0.393103448275862,3
0.04838709677419356,0.040781784181211755,0.0005509386254371265,0.0,0.7241379310344828,3
0.4516129032258065,0.5703621895657248,0.3026856808151572,0.0,0.7482758620689656,1
0.532258064516129,0.4016471350578151,0.0,0.0,0.11034482758620691,1
0.06451612903225812,0.04654111048522727,0.21221575916442909,0.0,0.603448275862069,3
0.1774193548387097,0.41389309754690884,0.775309830484884,0.0,0.22758620689655168,0
0.6935483870967742,0.6960523609339143,1.0,0.0,0.17586206896551726,0
0.12903225806451613,0.029798867224943095,0.03463954115511532,0.0,0.044827586206896544,3
0.016129032258064557,0.0033629679620669588,0.8648866516270088,0.0,0.058620689655172406,0
0.3870967741935484,0.04996390338205817,0.3657362569809723,0.0,0.38620689655172413,3
0.6774193548387097,0.4918039839373411,0.6805483869096982,0.0,0.5620689655172414,0
0.6290322580645161,0.06236850277681805,0.05574918954028521,0.0,0.7310344827586207,1
0.16129032258064518,0.05365893334157887,0.047931660413029986,0.0,0.26206896551724135,3
0.16129032258064518,0.0326355101991431,0.09114844606310857,0.0,0.46206896551724136,3
0.016129032258064557,0.0019184310541153493,0.161807774613908,0.0,0.18620689655172412,3
0.467741935483871,0.702259365963242,0.33095173197705774,0.0,0.32413793103448274,1
0.903225806451613,0.28794614949242914,0.13948026189882448,0.0,0.1896551724137931,1
0.12903225806451613,0.08929106780114461,0.0,0.0,0.18275862068965515,3
0.1774193548387097,0.33061208302356565,0.4792528112368282,0.0,0.33448275862068966,3
0.6774193548387097,0.5494160683052874,0.14206677376140298,0.0,0.2862068965517241,1
0.04838709677419356,0.05610301719328295,0.0196888066669373,0.0,0.06206896551724138,3
0.19354838709677424,0.7718808018423392,0.06998080413841898,0.0,0.24137931034482757,1
0.016129032258064557,0.1035905715902812,0.010746202872999946,0.0,0.05172413793103449,3
0.29032258064516125,0.42886411942401365,0.3651911177094872,0.0,0.06206896551724138,3
0.30645161290322587,0.37095896009475193,0.1594764343252162,0.0,0.020689655172413793,3
0.14516129032258068,0.10485160055227154,0.2337777571578526,0.0,0.3793103448275862,3
0.5645161290322581,0.19205686192001745,0.13412165884720442,0.0,0.16896551724137931,1
0.6774193548387097,0.2288713790790187,1.0,0.0,0.25517241379310346,0
0.7903225806451613,0.4424396742834788,0.06081782489430676,0.0,0.13448275862068965,1
0.8225806451612903,0.10203243452530597,1.0,0.0,0.48620689655172417,0
0.6290322580645161,0.8314570262033216,0.5272366658354259,0.0,0.40344827586206894,1
0.32258064516129037,0.34166625214932844,0.4283344835385338,0.0,0.8931034482758621,3
0.12903225806451613,0.004335627294689563,0.06804381991846108,0.0,0.4206896551724138,3
0.14516129032258068,0.3189831912099022,0.38968758880260734,0.0,0.7206896551724138,3
0.11290322580645162,0.10730375068731457,0.30135182940620414,0.0,0.35172413793103446,3
0.7258064516129032,0.25508478335979523,0.08685692413865095,0.0,0.1586206896551724,1
0.903225806451613,0.23861544935247914,0.22060162497897734,0.0,0.1586206896551724,1
0.532258064516129,0.2943642222691262,0.11680478794662275,0.0,0.6965517241379311,1
0.467741935483871,0.03807352955015682,0.08750645178127156,0.0,0.23103448275862065,3
0.4032258064516129,0.3692993222977615,0.5489146509078888,0.0,0.0896551724137931,0
0.0,0.09995872751691567,1.0,0.0,0.1896551724137931,0
0.6451612903225806,0.8475196850922986,0.4621331183706135,0.0,0.3379310344827586,1
0.19354838709677424,0.43488627212682346,0.3468883566370706,0.0,0.4586206896551724,3
0.435483870967742,0.590947344646744,0.014295407491605433,0.0,0.8620689655172414,1
0.8064516129032258,0.7816403324921993,0.510337348419386,0.0,0.034482758620689655,1
0.27419354838709675,0.806847467926441,0.30291765497323603,0.0,0.10689655172413794,1
0.5483870967741935,0.22815885738407746,0.04498558860542935,0.0,0.393103448275862,1
0.8064516129032258,0.5212002091856147,0.01608160850881212,0.0,0.18275862068965515,1
0.27419354838709675,0.587641512858328,0.13571068183004412,0.0,0.4586206896551724,1
0.1774193548387097,0.7881612503814681,0.3665249691184402,0.030405405405405428,0.7275862068965517,1
0.7903225806451613,0.5264096838420246,0.0,0.0,0.04827586206896552,1
0.8225806451612903,0.3097983832479428,0.5245689630175199,0.0,0.489655172413793,1
0.6290322580645161,0.33691441293630026,0.6566202525038709,0.0,0.43103448275862066,0
0.08064516129032262,0.11955374631807777,0.26626573799678716,0.0,0.40344827586206894,3
0.4032258064516129,0.59939744863458,1.0,0.0,0.35172413793103446,0
0.467741935483871,0.927487473734165,0.07834347253715936,0.0,0.6275862068965518,1
0.6935483870967742,0.8410444761419505,0.3655506776545093,0.0,0.5206896551724138,1
0.09677419354838712,0.044626712572781405,0.04805924619997333,0.0,0.5758620689655173,3
0.5967741935483871,0.33691441293630026,0.08064001670213937,0.0,0.1724137931034483,1
0.4032258064516129,0.5001035173028501,0.1641275161946959,0.0,0.5137931034482759,1
0.4516129032258065,0.5549354226799689,0.24849651748795182,0.0,0.04827586206896552,1
0.8709677419354838,0.09035716158244347,0.33620594665754233,0.0,0.2689655172413793,1
0.27419354838709675,0.3387886055681554,1.0,0.0,0.06551724137931035,0
0.14516129032258068,0.10720762747752534,0.11630604350675333,0.0,0.46206896551724136,3
0.016129032258064557,0.11459701520628848,0.605052397162956,0.0,0.5689655172413793,3
0.14516129032258068,0.39032677858186676,0.6055859377265371,0.0,0.8344827586206897,0
0.3870967741935484,0.27600267262854633,0.23590032070427353,0.0,0.044827586206896544,3
0.6290322580645161,0.5555061122262003,0.05284951256430033,0.0,0.031034482758620682,1
0.14516129032258068,0.48131848778697484,0.049543880811677585,0.0,0.6241379310344828,3
0.7096774193548387,0.32986662400499034,0.6055395428949215,0.0,0.5344827586206897,0
0.09677419354838712,0.2814171653198214,0.186733397899474,0.0,0.7758620689655172,3
0.7258064516129032,0.6999026668477101,0.44881780169689095,0.5,0.9517241379310345,2
0.016129032258064557,0.039610156526228193,0.8162068745541746,0.0,0.6206896551724138,0
0.12903225806451613,0.11339984432073157,0.17069238486832566,0.0,0.7137931034482758,3
0.3870967741935484,0.307295146651753,0.2630528959073959,0.0,0.2862068965517241,1
0.3709677419354839,0.2404007867315017,0.3191558460387513,0.0,0.3103448275862069,3
0.3870967741935484,0.457758218534437,0.046934171533291186,0.0,0.489655172413793,1
0.33870967741935487,0.8016830300186736,0.20848097521936057,0.0,0.6068965517241379,1
0.29032258064516125,0.005610772252523067,0.05881124842692524,0.0,0.11724137931034483,3
0.16129032258064518,0.0,0.2027976083464302,0.0,0.10344827586206896,3
0.32258064516129037,0.3811419706199073,0.10547285032447384,0.0,0.489655172413793,1
0.5967741935483871,0.29836778756636195,0.7420331375084814,0.25,0.5310344827586208,0
0.11290322580645162,0.006221121025170839,0.10560043611141717,0.0,0.5689655172413793,3
0.4193548387096775,0.6074926361555019,0.07407514802850962,0.25,0.9103448275862069,1
0.0,0.0564801159393792,0.4810854070856506,0.0,0.9724137931034483,3
0.12903225806451613,0.03129583497459794,0.25434226627153733,0.0,0.2,3
0.5483870967741935,0.09741583169430938,0.08153311721074272,0.0,0.04827586206896552,1
0.8387096774193548,0.6007619948994202,0.37340300290547634,0.0,0.3620689655172414,1
0.3548387096774194,0.439562699892584,0.6507745037202854,0.0,0.19310344827586207,0
0.5483870967741935,0.35620640005807724,0.2288135101749665,0.0,0.5206896551724138,1
0.22580645161290325,0.46244876229604065,0.044614429952503296,0.0,0.5310344827586208,3
0.43029748107928134,0.3433487444157793,0.09751613670237134,0.0,0.5448275862068966,1
0.5645161290322581,0.15066405677587968,1.0,0.0,0.4103448275862069,0
0.14516129032258068,0.002387619868331369,0.06233725562972284,0.0,0.4413793103448276,3
0.7419354838709677,0.45432870373482365,0.8732493200257492,0.0,0.14827586206896554,0
0.09677419354838712,0.020704132760268716,0.18971426583078646,0.0,0.3758620689655172,3
0.08064516129032262,0.018977948125731847,0.47537884279691245,0.0,0.1275862068965517,3
0.7419354838709677,0.15526049389852886,0.28681864840256793,0.0,0.15517241379310343,1
0.29032258064516125,0.4473345638896694,0.11247846989845331,0.0,0.006896551724137931,1
0.3870967741935484,0.5228571582214921,0.0,0.0,0.11034482758620691,1
0.09677419354838712,0.618162984632386,0.9848636861853588,0.0,0.5206896551724138,0
0.532258064516129,0.49944947616211616,0.15767863460010553,0.0,0.18275862068965515,1
0.11290322580645162,0.05363406230128376,0.29499573747484525,0.0,0.32413793103448274,3
0.5806451612903226,0.08942483366651566,0.2671820359211984,0.0,0.044827586206896544,1
0.06451612903225812,0.29569717559088887,0.37206915149652325,0.0,0.3103448275862069,3
0.5161290322580645,0.4459639679123249,0.28462649260872336,0.0,0.296551724137931,1
0.8870967741935485,0.19740346339318965,0.09734215608381226,0.0,0.489655172413793,1
0.22580645161290325,0.6008762672467222,0.44612690146317696,0.0,0.05517241379310345,0
0.12903225806451613,0.046742767568701216,0.4586303085836238,0.0,0.3793103448275862,3
0.5483870967741935,0.6115768642861273,0.21872263429853914,0.0,0.2827586206896551,1
0.5645161290322581,0.5334918806136292,0.47033340485869873,0.0,0.46206896551724136,1
0.0,0.06591094554317681,0.20567408790660718,0.0,0.9482758620689655,3
0.25806451612903225,0.24949148805450658,0.4186959572703601,0.0,0.18620689655172412,3
0.16129032258064518,0.056441128903240906,0.04412728422053783,0.0,0.02413793103448276,3
0.6290322580645161,0.42839291403896285,0.002371935766355627,0.0,0.19310344827586207,1
0.4838709677419355,0.16113947007207227,0.45532467683100103,0.0,0.5137931034482759,0
0.7419354838709677,0.6370676640177889,0.16939332958308442,0.0,0.7275862068965517,1
0.5,0.48702941639095665,0.173116514820249,0.0,0.06206896551724138,1
0.04838709677419356,0.04776651336247055,0.2916205134747989,0.25,0.5137931034482759,3
0.29032258064516125,0.569912494269578,0.9752715547488009,0.0,0.4827586206896552,0
0.7580645161290323,0.5990458931190571,0.48464621041216,0.0,0.09310344827586207,1
0.435483870967742,0.45451960577384565,0.2959584302308723,0.0,0.2655172413793103,1
0.9193548387096775,0.13118398251229774,0.3382473192486357,0.0,0.5241379310344828,1
0.04838709677419356,0.1200928429212314,0.38521048755168674,0.0,0.5896551724137932,3
0.43029748107928134,0.4600234997721275,0.03136870552620438,0.0,0.3172413793103448,1
0.12903225806451613,0.0798716654320772,0.6283310039261625,0.0,0.3172413793103448,0
0.8225806451612903,0.919277341675663,0.3590322038124953,0.0,0.2689655172413793,1
0.5645161290322581,0.27018688234115806,0.2549106029588304,0.0,0.5482758620689655,1
0.4193548387096775,0.7001681820076173,0.6814066912945898,0.0,0.05517241379310345,0
0.20967741935483875,0.35718309253236935,0.29483335556419016,0.0,0.11034482758620691,3
0.6612903225806451,0.9035017080354971,0.12448313257903068,0.0,0.10344827586206896,1
0.33870967741935487,0.3471614076739931,0.6507629050123815,0.0,0.20344827586206898,0
0.6774193548387097,0.4595247345856686,0.08836475616616309,0.0,0.2862068965517241,1
0.24193548387096775,0.8462566395594735,0.9744712439034291,0.0,0.34137931034482755,0
0.4838709677419355,0.010318120771082913,0.2731321730759193,0.0,0.5758620689655173,3
0.6129032258064516,0.2205899948510225,0.014585375189203921,0.0,0.4689655172413793,1
0.08064516129032262,0.11263623616464362,0.19707944534978802,0.0,0.031034482758620682,3
0.09677419354838712,0.002016570834739332,0.2633196661891865,0.0,0.2862068965517241,3
0.935483870967742,0.3231884135906119,0.0,0.0,0.23103448275862065,1
0.30645161290322587,0.44288063110600845,0.25060748232646884,0.0,0.1413793103448276,1
0.14516129032258068,0.07359273604297717,0.2117518108482715,0.0,0.25517241379310346,3
